-- phpMyAdmin SQL Dump
-- version 4.7.0
-- https://www.phpmyadmin.net/
--
-- Hôte : 127.0.0.1
-- Généré le :  mar. 16 juil. 2019 à 14:19
-- Version du serveur :  5.7.17
-- Version de PHP :  7.1.3

SET SQL_MODE = "NO_AUTO_VALUE_ON_ZERO";
SET AUTOCOMMIT = 0;
START TRANSACTION;
SET time_zone = "+00:00";


/*!40101 SET @OLD_CHARACTER_SET_CLIENT=@@CHARACTER_SET_CLIENT */;
/*!40101 SET @OLD_CHARACTER_SET_RESULTS=@@CHARACTER_SET_RESULTS */;
/*!40101 SET @OLD_COLLATION_CONNECTION=@@COLLATION_CONNECTION */;
/*!40101 SET NAMES utf8mb4 */;

--
-- Base de données :  `freelance_api`
--

-- --------------------------------------------------------

--
-- Structure de la table `media_object`
--

CREATE TABLE `media_object` (
  `id` int(11) NOT NULL,
  `file_path` varchar(255) COLLATE utf8mb4_unicode_ci DEFAULT NULL
) ENGINE=InnoDB DEFAULT CHARSET=utf8mb4 COLLATE=utf8mb4_unicode_ci;

--
-- Déchargement des données de la table `media_object`
--

INSERT INTO `media_object` (`id`, `file_path`) VALUES
(2, '5cae1f777012f686418533.jpg'),
(3, '5cae223c2cf2a675717825.jpg'),
(4, '5cae227c6d209756523365.jpg'),
(5, '5cae229b54b00551889658.jpg'),
(6, '5cae22b011b1c407247932.jpg'),
(7, '5cae22fe3c95e495621499.jpg'),
(8, '5cae233253dac378982807.jpg'),
(9, '5cae24d7d9284212653972.jpg'),
(10, '5cae253baf6be388913872.jpg'),
(11, '5cae25448f643001689344.jpg'),
(12, '5cb77279057f7858414231.jpg'),
(13, '5cb785872311e396484494.jpg'),
(14, '5cb7865553fa2227216183.JPG'),
(15, '5cb7989c4cf7b165339876.jpg'),
(16, '5cb799f944e79764169492.jpg'),
(17, '5cb7b70bba074721338948.jpg'),
(18, '5cb7b78725660384484958.jpg'),
(19, '5cb7b7f995e35240786629.jpg'),
(20, '5cb7b842dc0bb894949774.jpg'),
(21, '5cb92366ab991812345618.jpg'),
(22, '5d2db9833c95a722968958.jpg');

-- --------------------------------------------------------

--
-- Structure de la table `migration_versions`
--

CREATE TABLE `migration_versions` (
  `version` varchar(14) COLLATE utf8mb4_unicode_ci NOT NULL,
  `executed_at` datetime NOT NULL COMMENT '(DC2Type:datetime_immutable)'
) ENGINE=InnoDB DEFAULT CHARSET=utf8mb4 COLLATE=utf8mb4_unicode_ci;

--
-- Déchargement des données de la table `migration_versions`
--

INSERT INTO `migration_versions` (`version`, `executed_at`) VALUES
('20190323165904', '2019-03-23 23:40:24'),
('20190324004213', '2019-03-24 00:50:17'),
('20190324022655', '2019-03-24 02:28:01'),
('20190324042843', '2019-03-24 04:29:27'),
('20190410082519', '2019-04-10 08:28:16'),
('20190411211459', '2019-04-11 21:15:20');

-- --------------------------------------------------------

--
-- Structure de la table `offer`
--

CREATE TABLE `offer` (
  `id` int(11) NOT NULL,
  `author_id` int(11) NOT NULL,
  `project_id` int(11) NOT NULL,
  `price` varchar(20) COLLATE utf8mb4_unicode_ci NOT NULL,
  `period` varchar(255) COLLATE utf8mb4_unicode_ci NOT NULL,
  `description` longtext COLLATE utf8mb4_unicode_ci NOT NULL,
  `status` varchar(255) COLLATE utf8mb4_unicode_ci NOT NULL,
  `filename` varchar(255) COLLATE utf8mb4_unicode_ci DEFAULT NULL,
  `published` datetime NOT NULL
) ENGINE=InnoDB DEFAULT CHARSET=utf8mb4 COLLATE=utf8mb4_unicode_ci;

--
-- Déchargement des données de la table `offer`
--

INSERT INTO `offer` (`id`, `author_id`, `project_id`, `price`, `period`, `description`, `status`, `filename`, `published`) VALUES
(1, 67, 702, '5125', 'nostrum', 'Morcar, the earls of Mercia and Northumbria--\"\' \'Ugh!\' said the Duck: \'it\'s generally a ridge or furrow in the air. Even the Duchess by this very sudden change, but she remembered how small she was.', '2', 'https://lorempixel.com/150/150/cats/?44663', '2019-02-26 01:40:37'),
(2, 66, 702, '3484', 'sequi', 'For the Mouse had changed his mind, and was going on, as she could. \'No,\' said the Cat. \'I said pig,\' replied Alice; \'and I do so like that curious song about the whiting!\' \'Oh, as to bring but one.', '2', 'https://lorempixel.com/150/150/cats/?70602', '2019-03-18 07:28:03'),
(3, 67, 703, '3857', 'et', 'Alice could not remember ever having seen in her own courage. \'It\'s no business there, at any rate: go and live in that soup!\' Alice said nothing: she had plenty of time as she went on. \'Would you.', '1', 'https://lorempixel.com/150/150/cats/?14600', '2018-05-14 04:56:07'),
(4, 66, 703, '8291', 'eum', 'The poor little thing was snorting like a mouse, That he met in the middle of her age knew the right word) \'--but I shall be late!\' (when she thought it would be as well as she ran; but the tops of.', '2', 'https://lorempixel.com/150/150/cats/?50094', '2018-09-15 06:32:07'),
(5, 67, 704, '5514', 'natus', 'Five, \'and I\'ll tell him--it was for bringing the cook was busily stirring the soup, and seemed not to be an old Turtle--we used to read fairy-tales, I fancied that kind of sob, \'I\'ve tried the.', '2', 'https://lorempixel.com/150/150/cats/?74359', '2018-10-07 14:20:15'),
(6, 67, 704, '514', 'adipisci', 'Alice. It looked good-natured, she thought: still it had entirely disappeared; so the King in a deep voice, \'What are you getting on?\' said the March Hare. \'Exactly so,\' said Alice. \'That\'s the most.', '2', 'https://lorempixel.com/150/150/cats/?60506', '2018-06-12 02:44:14'),
(7, 67, 705, '1688', 'suscipit', 'March Hare: she thought it would be grand, certainly,\' said Alice, \'because I\'m not the smallest idea how to begin.\' For, you see, as they came nearer, Alice could only see her. She is such a long.', '2', 'https://lorempixel.com/150/150/cats/?51276', '2019-03-13 02:21:39'),
(8, 66, 705, '8299', 'ut', 'Caterpillar. \'Well, perhaps not,\' said the Pigeon had finished. \'As if I chose,\' the Duchess by this time). \'Don\'t grunt,\' said Alice; \'living at the top of his head. But at any rate a book of rules.', '1', 'https://lorempixel.com/150/150/cats/?61506', '2018-09-19 18:52:36'),
(9, 67, 706, '4010', 'voluptas', 'Mock Turtle is.\' \'It\'s the Cheshire Cat: now I shall be a book written about me, that there was no more of it in a louder tone. \'ARE you to learn?\' \'Well, there was hardly room for this, and after a.', '2', 'https://lorempixel.com/150/150/cats/?89612', '2018-07-10 10:25:17'),
(10, 67, 706, '3196', 'est', 'Lizard, Bill, was in confusion, getting the Dormouse fell asleep instantly, and Alice heard the Queen furiously, throwing an inkstand at the proposal. \'Then the words \'EAT ME\' were beautifully.', '1', 'https://lorempixel.com/150/150/cats/?67135', '2018-07-14 08:00:53'),
(11, 66, 707, '8268', 'quidem', 'Beautiful, beautiful Soup! Soup of the sea.\' \'I couldn\'t help it,\' said the Queen. \'It proves nothing of the soldiers had to pinch it to speak again. The Mock Turtle at last, and managed to put it.', '2', 'https://lorempixel.com/150/150/cats/?89452', '2018-04-28 01:45:37'),
(12, 66, 708, '1941', 'nesciunt', 'HAVE their tails in their paws. \'And how did you ever see such a thing. After a while, finding that nothing more happened, she decided to remain where she was exactly the right height to be.\' \'It is.', '1', 'https://lorempixel.com/150/150/cats/?51630', '2018-12-13 12:22:22'),
(13, 66, 708, '5530', 'ad', 'I know!\' exclaimed Alice, who was passing at the mushroom (she had grown in the direction in which you usually see Shakespeare, in the other. \'I beg your pardon,\' said Alice angrily. \'It wasn\'t very.', '1', 'https://lorempixel.com/150/150/cats/?24981', '2018-12-27 00:38:35'),
(14, 66, 709, '2109', 'animi', 'SWIM--\" you can\'t be civil, you\'d better leave off,\' said the Hatter. \'He won\'t stand beating. Now, if you like!\' the Duchess to play with, and oh! ever so many different sizes in a low voice. \'Not.', '1', 'https://lorempixel.com/150/150/cats/?22732', '2018-11-06 09:39:09'),
(15, 66, 709, '2999', 'nemo', 'Dinah, if I shall fall right THROUGH the earth! How funny it\'ll seem to come down the bottle, saying to herself how this same little sister of hers that you weren\'t to talk nonsense. The Queen\'s.', '1', 'https://lorempixel.com/150/150/cats/?50414', '2018-09-14 09:48:15'),
(16, 67, 709, '2945', 'cumque', 'Alice noticed with some curiosity. \'What a curious croquet-ground in her head, she tried to get through the doorway; \'and even if my head would go anywhere without a grin,\' thought Alice; \'I must be.', '1', 'https://lorempixel.com/150/150/cats/?64136', '2018-06-07 18:45:52'),
(17, 66, 710, '9119', 'et', 'Oh, I shouldn\'t want YOURS: I don\'t know the song, she kept fanning herself all the arches are gone from this morning,\' said Alice to herself, as she was quite out of that is--\"Oh, \'tis love, that.', '2', 'https://lorempixel.com/150/150/cats/?66342', '2019-02-08 00:58:54'),
(18, 67, 710, '4315', 'dicta', 'Majesty!\' the Duchess asked, with another hedgehog, which seemed to think about stopping herself before she got to see anything; then she noticed that one of these cakes,\' she thought, and rightly.', '1', 'https://lorempixel.com/150/150/cats/?18860', '2018-07-22 18:33:26'),
(19, 66, 711, '8254', 'quidem', 'Dormouse\'s place, and Alice was very glad that it was in such a dear little puppy it was!\' said Alice, who was beginning to write with one eye, How the Owl had the dish as its share of the month.', '1', 'https://lorempixel.com/150/150/cats/?14279', '2019-03-01 07:44:57'),
(20, 67, 711, '2167', 'quas', 'Off with his nose, you know?\' \'It\'s the stupidest tea-party I ever heard!\' \'Yes, I think that will be When they take us up and saying, \'Thank you, sir, for your interesting story,\' but she was.', '1', 'https://lorempixel.com/150/150/cats/?18352', '2018-09-28 04:39:09'),
(21, 66, 712, '4211', 'eos', 'Alice was too dark to see what was coming. It was the matter with it. There could be beheaded, and that makes the world you fly, Like a tea-tray in the distance would take the place where it had.', '1', 'https://lorempixel.com/150/150/cats/?21910', '2019-02-14 13:31:40'),
(22, 67, 712, '5937', 'maiores', 'All the time he had come back and finish your story!\' Alice called out in a loud, indignant voice, but she could not be denied, so she began thinking over other children she knew that it was talking.', '1', 'https://lorempixel.com/150/150/cats/?77956', '2018-12-28 05:44:25'),
(23, 66, 713, '3837', 'autem', 'HE taught us Drawling, Stretching, and Fainting in Coils.\' \'What was THAT like?\' said Alice. \'Well, I never understood what it was: she was talking. Alice could not stand, and she had known them all.', '1', 'https://lorempixel.com/150/150/cats/?95771', '2018-09-26 13:22:10'),
(24, 66, 713, '7759', 'qui', 'The Mouse did not quite know what a wonderful dream it had been. But her sister sat still and said nothing. \'When we were little,\' the Mock Turtle would be grand, certainly,\' said Alice in a sulky.', '1', 'https://lorempixel.com/150/150/cats/?17064', '2018-04-08 13:16:39'),
(25, 67, 714, '1264', 'omnis', 'King, with an M--\' \'Why with an M--\' \'Why with an M--\' \'Why with an M--\' \'Why with an important air, \'are you all ready? This is the reason so many different sizes in a tone of great relief. \'Now at.', '2', 'https://lorempixel.com/150/150/cats/?96644', '2018-03-26 21:03:20'),
(26, 67, 715, '2100', 'error', 'Alice asked in a moment: she looked up, but it was growing, and she did not see anything that had a consultation about this, and after a minute or two, which gave the Pigeon in a tone of delight.', '2', 'https://lorempixel.com/150/150/cats/?49281', '2018-09-16 18:24:43'),
(27, 66, 715, '5264', 'voluptatem', 'Little Bill It was opened by another footman in livery, with a bound into the court, by the White Rabbit interrupted: \'UNimportant, your Majesty means, of course,\' the Dodo managed it.) First it.', '1', 'https://lorempixel.com/150/150/cats/?80701', '2018-07-11 03:41:31'),
(28, 67, 716, '3580', 'quos', 'The Gryphon sat up and rubbed its eyes: then it watched the Queen to play with, and oh! ever so many out-of-the-way things had happened lately, that Alice had never before seen a good opportunity.', '2', 'https://lorempixel.com/150/150/cats/?35686', '2019-01-09 16:04:59'),
(29, 66, 716, '8314', 'quia', 'I like\"!\' \'You might just as the hall was very deep, or she should push the matter worse. You MUST have meant some mischief, or else you\'d have signed your name like an honest man.\' There was a long.', '1', 'https://lorempixel.com/150/150/cats/?74421', '2018-10-28 06:37:05'),
(30, 66, 717, '7441', 'illum', 'What would become of it; so, after hunting all about for them, and the moon, and memory, and muchness--you know you say \"What a pity!\"?\' the Rabbit say, \'A barrowful will do, to begin at HIS time of.', '2', 'https://lorempixel.com/150/150/cats/?58468', '2019-01-21 04:35:28'),
(31, 66, 717, '4090', 'saepe', 'ARE you doing out here? Run home this moment, and fetch me a good many little girls eat eggs quite as much as she could, and soon found out a new idea to Alice, \'Have you guessed the riddle yet?\'.', '2', 'https://lorempixel.com/150/150/cats/?18267', '2018-12-28 19:53:01'),
(32, 67, 718, '6005', 'officia', 'Queen, in a hoarse, feeble voice: \'I heard every word you fellows were saying.\' \'Tell us a story.\' \'I\'m afraid I can\'t show it you myself,\' the Mock Turtle, \'Drive on, old fellow! Don\'t be all day.', '2', 'https://lorempixel.com/150/150/cats/?92770', '2018-04-03 17:08:53'),
(33, 67, 719, '3115', 'occaecati', 'Alice\'s shoulder, and it said nothing. \'Perhaps it doesn\'t mind.\' The table was a dead silence instantly, and Alice called after her. \'I\'ve something important to say!\' This sounded promising.', '2', 'https://lorempixel.com/150/150/cats/?86730', '2019-02-13 07:36:46'),
(34, 67, 720, '8678', 'quia', 'Alice, \'they\'re sure to kill it in asking riddles that have no sort of a well?\' \'Take some more tea,\' the March Hare will be the best cat in the wind, and was surprised to see what was the Duchess\'s.', '1', 'https://lorempixel.com/150/150/cats/?35315', '2018-12-30 08:23:06'),
(35, 66, 720, '5748', 'quam', 'Alice. \'And be quick about it,\' said the Caterpillar. \'Is that all?\' said the Footman. \'That\'s the most interesting, and perhaps after all it might end, you know,\' said the young Crab, a little door.', '2', 'https://lorempixel.com/150/150/cats/?92421', '2018-04-20 01:34:04'),
(36, 67, 720, '4241', 'rerum', 'And oh, I wish you were down here with me! There are no mice in the distance, screaming with passion. She had just begun to dream that she might find another key on it, and then unrolled the.', '2', 'https://lorempixel.com/150/150/cats/?74552', '2019-02-11 02:55:13'),
(37, 66, 721, '4648', 'quis', 'At last the Gryphon hastily. \'Go on with the next witness!\' said the Caterpillar. \'Not QUITE right, I\'m afraid,\' said Alice, quite forgetting that she hardly knew what she was a very truthful child.', '1', 'https://lorempixel.com/150/150/cats/?30609', '2018-12-05 12:19:27'),
(38, 67, 721, '4810', 'fuga', 'Dormouse into the garden. Then she went out, but it is.\' \'I quite agree with you,\' said the March Hare went \'Sh! sh!\' and the small ones choked and had been running half an hour or so, and were.', '1', 'https://lorempixel.com/150/150/cats/?54381', '2018-12-08 10:26:40'),
(39, 67, 722, '2874', 'iusto', 'Alice, (she had kept a piece of bread-and-butter in the same age as herself, to see some meaning in it.\' The jury all brightened up at the cook till his eyes very wide on hearing this; but all he.', '1', 'https://lorempixel.com/150/150/cats/?27705', '2018-09-07 20:11:14'),
(40, 66, 722, '6777', 'error', 'So she set to work very carefully, with one finger; and the pool of tears which she had not a moment to think about it, you know.\' \'Not the same solemn tone, \'For the Duchess. \'I make you a present.', '2', 'https://lorempixel.com/150/150/cats/?27104', '2018-04-24 22:03:35'),
(41, 67, 722, '1195', 'velit', 'When she got to the fifth bend, I think?\' \'I had NOT!\' cried the Mouse, who seemed too much frightened to say to itself in a melancholy tone: \'it doesn\'t seem to dry me at home! Why, I wouldn\'t say.', '1', 'https://lorempixel.com/150/150/cats/?72728', '2019-02-06 02:35:25'),
(42, 67, 723, '3925', 'nihil', 'But she did not at all like the right size to do so. \'Shall we try another figure of the right-hand bit to try the patience of an oyster!\' \'I wish I hadn\'t gone down that rabbit-hole--and yet--and.', '2', 'https://lorempixel.com/150/150/cats/?44987', '2019-02-06 05:45:16'),
(43, 66, 723, '4297', 'sit', 'Alice said; \'there\'s a large pool all round her, calling out in a hurry: a large ring, with the clock. For instance, if you were INSIDE, you might do very well as if it please your Majesty,\' the.', '2', 'https://lorempixel.com/150/150/cats/?84119', '2018-12-25 23:10:05'),
(44, 66, 724, '3620', 'voluptatibus', 'VERY tired of being upset, and their slates and pencils had been would have appeared to them she heard a voice sometimes choked with sobs, to sing you a couple?\' \'You are old, Father William,\' the.', '1', 'https://lorempixel.com/150/150/cats/?14275', '2018-04-22 14:31:33'),
(45, 67, 724, '2690', 'modi', 'I\'ll just see what the moral of that is--\"Be what you had been looking over his shoulder as she stood watching them, and then said \'The fourth.\' \'Two days wrong!\' sighed the Lory, as soon as it was.', '2', 'https://lorempixel.com/150/150/cats/?46306', '2018-03-28 20:35:44'),
(46, 66, 725, '8858', 'architecto', 'Mock Turtle replied; \'and then the puppy made another rush at Alice for some time with one of the edge of her voice, and the little door: but, alas! the little golden key, and unlocking the door of.', '1', 'https://lorempixel.com/150/150/cats/?80201', '2018-12-29 11:35:55'),
(47, 67, 725, '3368', 'dolore', 'Gryphon, \'she wants for to know your history, you know,\' said the Footman, and began whistling. \'Oh, there\'s no use now,\' thought Alice, \'it\'ll never do to come before that!\' \'Call the next.', '1', 'https://lorempixel.com/150/150/cats/?57044', '2018-09-12 02:50:22'),
(48, 66, 725, '2989', 'qui', 'She was a little faster?\" said a timid voice at her feet, they seemed to be sure; but I can\'t get out again. That\'s all.\' \'Thank you,\' said the Queen, turning purple. \'I won\'t!\' said Alice. \'Nothing.', '1', 'https://lorempixel.com/150/150/cats/?51577', '2018-07-05 21:47:01'),
(49, 67, 726, '4391', 'minima', 'However, I\'ve got to?\' (Alice had no idea what Latitude was, or Longitude either, but thought they were trying which word sounded best. Some of the shelves as she went slowly after it: \'I never was.', '1', 'https://lorempixel.com/150/150/cats/?75983', '2018-09-21 10:19:33'),
(50, 67, 727, '6573', 'ratione', 'Alice. \'Nothing,\' said Alice. \'Why?\' \'IT DOES THE BOOTS AND SHOES.\' the Gryphon as if he doesn\'t begin.\' But she waited for a great deal of thought, and it said in a very truthful child; \'but little.', '1', 'https://lorempixel.com/150/150/cats/?72375', '2019-01-30 08:22:19'),
(51, 66, 727, '1859', 'ut', 'Footman went on in these words: \'Yes, we went to school in the air. She did not like to be two people! Why, there\'s hardly room to open it; but, as the March Hare went \'Sh! sh!\' and the other side.', '1', 'https://lorempixel.com/150/150/cats/?79751', '2018-09-05 09:48:02'),
(52, 66, 728, '2591', 'minus', 'White Rabbit, \'but it doesn\'t mind.\' The table was a sound of a candle is like after the rest of the pack, she could not swim. He sent them word I had it written down: but I shall have to turn into.', '2', 'https://lorempixel.com/150/150/cats/?72449', '2018-07-16 18:30:56'),
(53, 67, 728, '1690', 'expedita', 'I must go and get ready to ask the question?\' said the March Hare was said to Alice, and she grew no larger: still it was good practice to say than his first speech. \'You should learn not to make.', '1', 'https://lorempixel.com/150/150/cats/?29232', '2018-05-08 13:35:09'),
(54, 66, 729, '9815', 'quis', 'Hatter went on, without attending to her, \'if we had the dish as its share of the singers in the world she was losing her temper. \'Are you content now?\' said the Queen. \'You make me giddy.\' And.', '1', 'https://lorempixel.com/150/150/cats/?62554', '2018-09-28 08:10:07'),
(55, 66, 729, '1088', 'nulla', 'King had said that day. \'That PROVES his guilt,\' said the Lory, with a teacup in one hand and a great hurry. \'You did!\' said the Dormouse began in a few minutes it puffed away without being.', '2', 'https://lorempixel.com/150/150/cats/?34597', '2018-08-14 11:45:38'),
(56, 67, 730, '7613', 'laborum', 'Five, \'and I\'ll tell you my history, and you\'ll understand why it is almost certain to disagree with you, sooner or later. However, this bottle does. I do hope it\'ll make me larger, it must be.', '2', 'https://lorempixel.com/150/150/cats/?92405', '2018-10-04 03:14:59'),
(57, 67, 730, '7011', 'excepturi', 'Alice said; but was dreadfully puzzled by the end of the room again, no wonder she felt certain it must be growing small again.\' She got up this morning, but I can\'t be civil, you\'d better ask HER.', '1', 'https://lorempixel.com/150/150/cats/?29687', '2018-10-12 05:41:36'),
(58, 66, 731, '7727', 'sit', 'I don\'t keep the same as the rest of the wood--(she considered him to you, Though they were mine before. If I or she fell past it. \'Well!\' thought Alice to herself. At this moment the door between.', '2', 'https://lorempixel.com/150/150/cats/?92765', '2018-10-05 09:34:33'),
(59, 66, 731, '5944', 'nihil', 'I was going to be, from one minute to another! However, I\'ve got to see the Queen. \'I haven\'t the least idea what you\'re doing!\' cried Alice, quite forgetting her promise. \'Treacle,\' said a sleepy.', '2', 'https://lorempixel.com/150/150/cats/?22328', '2018-07-22 01:43:30'),
(60, 67, 731, '1594', 'facere', 'And she went in search of her head made her draw back in a helpless sort of thing that would be like, but it was all very well without--Maybe it\'s always pepper that makes people hot-tempered,\' she.', '2', 'https://lorempixel.com/150/150/cats/?36341', '2019-03-23 23:41:19'),
(61, 67, 732, '1102', 'harum', 'Queen furiously, throwing an inkstand at the bottom of a well?\' The Dormouse slowly opened his eyes. \'I wasn\'t asleep,\' he said in a VERY unpleasant state of mind, she turned away. \'Come back!\' the.', '2', 'https://lorempixel.com/150/150/cats/?74891', '2019-02-11 03:39:15'),
(62, 66, 732, '3292', 'optio', 'Alice very meekly: \'I\'m growing.\' \'You\'ve no right to think,\' said Alice loudly. \'The idea of having nothing to what I should think you might do something better with the grin, which remained some.', '2', 'https://lorempixel.com/150/150/cats/?31603', '2018-06-03 05:08:32'),
(63, 66, 732, '2248', 'iure', 'Cat, and vanished. Alice was very like a writing-desk?\' \'Come, we shall have to turn into a sort of meaning in it.\' The jury all wrote down all three to settle the question, and they went on.', '2', 'https://lorempixel.com/150/150/cats/?23045', '2018-12-29 12:54:42'),
(64, 67, 733, '2088', 'voluptatibus', 'I\'m not Ada,\' she said, \'than waste it in large letters. It was so large a house, that she began nursing her child again, singing a sort of idea that they had been (Before she had tired herself out.', '1', 'https://lorempixel.com/150/150/cats/?19062', '2018-06-15 20:04:03'),
(65, 66, 733, '7780', 'et', 'I must sugar my hair.\" As a duck with its head, it WOULD twist itself round and get in at once.\' However, she got used to it!\' pleaded poor Alice in a tone of the Gryphon, with a T!\' said the.', '2', 'https://lorempixel.com/150/150/cats/?74273', '2018-11-20 14:38:47'),
(66, 66, 733, '429', 'ullam', 'Alice, \'shall I NEVER get any older than I am very tired of this. I vote the young Crab, a little bit, and said nothing. \'When we were little,\' the Mock Turtle had just begun to think about stopping.', '1', 'https://lorempixel.com/150/150/cats/?58267', '2018-10-30 21:51:01'),
(67, 67, 734, '6242', 'qui', 'I\'m pleased, and wag my tail when it\'s pleased. Now I growl when I\'m pleased, and wag my tail when I\'m pleased, and wag my tail when it\'s pleased. Now I growl when I\'m angry. Therefore I\'m mad.\' \'I.', '2', 'https://lorempixel.com/150/150/cats/?71119', '2018-09-15 19:41:26'),
(68, 66, 734, '1380', 'deleniti', 'Alice, \'to pretend to be managed? I suppose it doesn\'t understand English,\' thought Alice; \'I daresay it\'s a set of verses.\' \'Are they in the chimney close above her: then, saying to herself, for.', '1', 'https://lorempixel.com/150/150/cats/?70853', '2018-11-18 23:54:34'),
(69, 66, 735, '3172', 'a', 'She waited for some while in silence. Alice was not easy to take the place of the pack, she could do, lying down on one side, to look at them--\'I wish they\'d get the trial done,\' she thought, and.', '1', 'https://lorempixel.com/150/150/cats/?88849', '2019-02-19 17:41:09'),
(70, 66, 735, '5216', 'vel', 'However, I\'ve got to?\' (Alice had no pictures or conversations in it, \'and what is the same thing as \"I sleep when I got up and said, very gravely, \'I think, you ought to have the experiment tried.', '2', 'https://lorempixel.com/150/150/cats/?49888', '2019-03-12 21:46:34'),
(71, 67, 735, '5639', 'non', 'NOT be an old woman--but then--always to have it explained,\' said the King; and as the question was evidently meant for her. \'I can tell you what year it is?\' \'Of course not,\' said the Duchess.', '1', 'https://lorempixel.com/150/150/cats/?74069', '2019-02-11 23:19:23'),
(72, 67, 736, '7577', 'possimus', 'When the pie was all finished, the Owl, as a cushion, resting their elbows on it, and kept doubling itself up very carefully, remarking, \'I really must be a great deal too flustered to tell its age.', '1', 'https://lorempixel.com/150/150/cats/?36984', '2018-09-14 03:39:18'),
(73, 67, 736, '5316', 'omnis', 'But there seemed to be executed for having missed their turns, and she tried hard to whistle to it; but she knew that were of the mushroom, and her eyes immediately met those of a bottle. They all.', '1', 'https://lorempixel.com/150/150/cats/?98599', '2018-06-24 01:18:59'),
(74, 66, 736, '1599', 'molestias', 'Besides, SHE\'S she, and I\'m I, and--oh dear, how puzzling it all seemed quite natural); but when the Rabbit whispered in reply, \'for fear they should forget them before the officer could get away.', '1', 'https://lorempixel.com/150/150/cats/?31429', '2019-01-05 10:41:37'),
(75, 67, 737, '4287', 'voluptatum', 'And the executioner went off like an honest man.\' There was a long way back, and barking hoarsely all the arches are gone from this morning,\' said Alice as he came, \'Oh! the Duchess, \'chop off her.', '2', 'https://lorempixel.com/150/150/cats/?94301', '2018-07-30 09:47:55'),
(76, 66, 737, '1933', 'cumque', 'King, the Queen, who was a general clapping of hands at this: it was looking at them with one eye; \'I seem to be\"--or if you\'d rather not.\' \'We indeed!\' cried the Mouse, frowning, but very politely.', '1', 'https://lorempixel.com/150/150/cats/?35191', '2018-03-30 17:26:47'),
(77, 66, 738, '4173', 'quidem', 'Alice; \'only, as it\'s asleep, I suppose Dinah\'ll be sending me on messages next!\' And she tried the effect of lying down with wonder at the sides of it; then Alice put down yet, before the officer.', '2', 'https://lorempixel.com/150/150/cats/?41567', '2018-07-23 03:22:43'),
(78, 66, 739, '2473', 'ut', 'CHAPTER XII. Alice\'s Evidence \'Here!\' cried Alice, jumping up and picking the daisies, when suddenly a footman in livery, with a round face, and large eyes full of the jurymen. \'No, they\'re not,\'.', '1', 'https://lorempixel.com/150/150/cats/?73713', '2018-08-17 11:27:24'),
(79, 66, 740, '9045', 'iste', 'Geography. London is the same tone, exactly as if a dish or kettle had been wandering, when a sharp hiss made her look up and said, very gravely, \'I think, you ought to have lessons to learn! Oh, I.', '1', 'https://lorempixel.com/150/150/cats/?68580', '2018-06-17 18:07:19'),
(80, 66, 740, '2482', 'voluptatem', 'Gryphon, \'that they WOULD put their heads downward! The Antipathies, I think--\' (for, you see, Alice had got to go on till you come to the Duchess: you\'d better finish the story for yourself.\' \'No.', '1', 'https://lorempixel.com/150/150/cats/?52698', '2018-10-20 18:39:09'),
(81, 67, 741, '6714', 'cumque', 'I think?\' \'I had NOT!\' cried the Gryphon, and the little thing howled so, that he shook both his shoes on. \'--and just take his head off outside,\' the Queen shouted at the beginning,\' the King added.', '2', 'https://lorempixel.com/150/150/cats/?27047', '2018-04-07 06:50:35'),
(82, 66, 741, '1519', 'quis', 'VERY tired of sitting by her sister kissed her, and the constant heavy sobbing of the accident, all except the King, \'that only makes the matter with it. There could be beheaded, and that is rather.', '2', 'https://lorempixel.com/150/150/cats/?66849', '2018-06-08 06:47:19'),
(83, 66, 742, '2990', 'impedit', 'Hatter, \'when the Queen shouted at the Cat\'s head began fading away the moment she appeared; but she heard a little way out of the shepherd boy--and the sneeze of the ground.\' So she began thinking.', '2', 'https://lorempixel.com/150/150/cats/?60318', '2018-04-30 21:42:21'),
(84, 67, 743, '3300', 'aspernatur', 'Queen. \'I never thought about it,\' added the March Hare, who had spoken first. \'That\'s none of YOUR business, Two!\' said Seven. \'Yes, it IS his business!\' said Five, in a Little Bill It was the BEST.', '1', 'https://lorempixel.com/150/150/cats/?59828', '2018-04-11 22:29:39'),
(85, 67, 744, '889', 'ex', 'Alice. \'But you\'re so easily offended, you know!\' The Mouse did not much larger than a rat-hole: she knelt down and make THEIR eyes bright and eager with many a strange tale, perhaps even with the.', '1', 'https://lorempixel.com/150/150/cats/?93803', '2018-06-12 13:55:06'),
(86, 67, 744, '7937', 'amet', 'At last the Mock Turtle: \'nine the next, and so on; then, when you\'ve cleared all the first witness,\' said the Queen. \'Their heads are gone, if it please your Majesty,\' said Two, in a hurried.', '2', 'https://lorempixel.com/150/150/cats/?92624', '2018-07-25 13:13:06'),
(87, 66, 745, '2330', 'commodi', 'I goes like a steam-engine when she got up this morning? I almost think I can do no more, whatever happens. What WILL become of you? I gave her one, they gave him two, You gave us three or more.', '2', 'https://lorempixel.com/150/150/cats/?29526', '2018-10-06 13:30:29'),
(88, 66, 745, '5783', 'reiciendis', 'Alice replied in a confused way, \'Prizes! Prizes!\' Alice had no idea what a long and a pair of boots every Christmas.\' And she thought there was no \'One, two, three, and away,\' but they were all.', '2', 'https://lorempixel.com/150/150/cats/?62058', '2018-05-20 06:27:26'),
(89, 66, 746, '8303', 'maxime', 'King said to herself, and began to say when I sleep\" is the capital of Paris, and Paris is the use of this sort in her own courage. \'It\'s no use now,\' thought poor Alice, \'to pretend to be.', '1', 'https://lorempixel.com/150/150/cats/?85212', '2018-10-30 12:05:25'),
(90, 66, 746, '6697', 'ut', 'Alice did not like the largest telescope that ever was! Good-bye, feet!\' (for when she had found the fan and two or three times over to the Cheshire Cat: now I shall have some fun now!\' thought.', '2', 'https://lorempixel.com/150/150/cats/?11326', '2018-07-25 05:37:39'),
(91, 67, 747, '3367', 'et', 'All this time she found herself falling down a good deal to ME,\' said the Caterpillar. This was not a bit afraid of interrupting him,) \'I\'ll give him sixpence. _I_ don\'t believe there\'s an atom of.', '1', 'https://lorempixel.com/150/150/cats/?17527', '2019-01-30 00:16:44'),
(92, 66, 748, '846', 'temporibus', 'I to get through was more than Alice could think of nothing else to say but \'It belongs to the Knave. The Knave did so, and were resting in the morning, just time to avoid shrinking away altogether.', '2', 'https://lorempixel.com/150/150/cats/?91468', '2018-07-09 17:51:11'),
(93, 67, 749, '4646', 'qui', 'Duchess said to the end: then stop.\' These were the cook, and a fall, and a large mushroom growing near her, she began, rather timidly, saying to herself, \'Which way? Which way?\', holding her hand.', '2', 'https://lorempixel.com/150/150/cats/?73608', '2019-03-13 07:52:52'),
(94, 66, 749, '2309', 'culpa', 'I have none, Why, I haven\'t been invited yet.\' \'You\'ll see me there,\' said the Cat went on, yawning and rubbing its eyes, for it now, I suppose, by being drowned in my kitchen AT ALL. Soup does very.', '1', 'https://lorempixel.com/150/150/cats/?97076', '2019-02-21 20:10:21'),
(95, 66, 749, '5370', 'eum', 'Alice: \'allow me to introduce it.\' \'I don\'t see,\' said the Pigeon; \'but if you\'ve seen them so often, of course was, how to begin.\' He looked anxiously over his shoulder as he spoke. \'UNimportant.', '2', 'https://lorempixel.com/150/150/cats/?62713', '2018-04-12 18:25:57'),
(96, 67, 750, '9805', 'saepe', 'Queen. First came ten soldiers carrying clubs; these were ornamented all over with diamonds, and walked a little shriek and a long way back, and see after some executions I have done that, you.', '2', 'https://lorempixel.com/150/150/cats/?85560', '2018-04-17 18:41:38'),
(97, 67, 750, '1012', 'tempora', 'At this moment the door between us. For instance, if you like,\' said the Caterpillar. \'Well, perhaps not,\' said the Mock Turtle. \'Seals, turtles, salmon, and so on; then, when you\'ve cleared all the.', '1', 'https://lorempixel.com/150/150/cats/?34391', '2018-08-16 19:17:10'),
(98, 67, 751, '5282', 'et', 'I was a general chorus of voices asked. \'Why, SHE, of course,\' said the Mouse, in a day is very confusing.\' \'It isn\'t,\' said the Hatter. Alice felt a little before she made out that the cause of.', '1', 'https://lorempixel.com/150/150/cats/?45728', '2018-11-18 13:32:47'),
(99, 67, 752, '1794', 'sint', 'Queen will hear you! You see, she came up to her very much what would happen next. The first question of course was, how to set about it; and the jury eagerly wrote down all three to settle the.', '1', 'https://lorempixel.com/150/150/cats/?51354', '2018-11-13 09:28:58'),
(100, 67, 752, '8365', 'quasi', 'I don\'t put my arm round your waist,\' the Duchess was VERY ugly; and secondly, because she was appealed to by the time at the house, quite forgetting her promise. \'Treacle,\' said a sleepy voice.', '1', 'https://lorempixel.com/150/150/cats/?86678', '2018-06-04 12:18:08'),
(101, 67, 753, '4793', 'molestias', 'At last the Gryphon interrupted in a VERY turn-up nose, much more like a telescope.\' And so it was her turn or not. So she called softly after it, \'Mouse dear! Do come back again, and the happy.', '2', 'https://lorempixel.com/150/150/cats/?62879', '2018-10-25 19:21:15'),
(102, 66, 754, '4824', 'id', 'You\'re a serpent; and there\'s no room at all what had become of you? I gave her answer. \'They\'re done with blacking, I believe.\' \'Boots and shoes under the table: she opened it, and found that, as.', '1', 'https://lorempixel.com/150/150/cats/?95261', '2018-06-07 12:53:46'),
(103, 67, 755, '3647', 'vero', 'THAT direction,\' waving the other bit. Her chin was pressed hard against it, that attempt proved a failure. Alice heard it before,\' said Alice,) and round goes the clock in a few minutes, and she.', '2', 'https://lorempixel.com/150/150/cats/?58521', '2019-03-03 05:08:04'),
(104, 67, 756, '1748', 'illo', 'ALL RETURNED FROM HIM TO YOU,\"\' said Alice. \'I don\'t believe it,\' said the Mock Turtle yet?\' \'No,\' said the Queen, who were lying round the rosetree; for, you see, as she could, for the rest waited.', '2', 'https://lorempixel.com/150/150/cats/?63892', '2019-02-10 15:25:04'),
(105, 66, 757, '6683', 'vel', 'March Hare: she thought it would be like, but it had entirely disappeared; so the King replied. Here the Dormouse say?\' one of the hall: in fact she was up to the door, she walked on in a melancholy.', '2', 'https://lorempixel.com/150/150/cats/?44181', '2018-04-22 23:22:51'),
(106, 67, 758, '4947', 'repellendus', 'Alice timidly. \'Would you tell me,\' said Alice, \'and those twelve creatures,\' (she was rather doubtful whether she ought to be patted on the other side. The further off from England the nearer is to.', '2', 'https://lorempixel.com/150/150/cats/?98663', '2018-08-10 23:02:13'),
(107, 67, 759, '6294', 'eveniet', 'But said I could let you out, you know.\' \'I DON\'T know,\' said Alice aloud, addressing nobody in particular. \'She\'d soon fetch it here, lad!--Here, put \'em up at the end of your nose-- What made you.', '2', 'https://lorempixel.com/150/150/cats/?49901', '2018-10-13 22:47:08'),
(108, 67, 759, '7012', 'odit', 'King sharply. \'Do you play croquet?\' The soldiers were silent, and looked at Two. Two began in a great hurry. \'You did!\' said the Duchess: \'what a clear way you have just been picked up.\' \'What\'s in.', '1', 'https://lorempixel.com/150/150/cats/?29550', '2018-09-20 11:27:14'),
(109, 67, 760, '2779', 'vel', 'Mock Turtle replied in an offended tone, \'so I can\'t remember,\' said the Cat, \'or you wouldn\'t have come here.\' Alice didn\'t think that proved it at all. \'But perhaps it was not easy to know your.', '2', 'https://lorempixel.com/150/150/cats/?55008', '2018-06-12 16:10:44'),
(110, 66, 761, '4590', 'dolorem', 'March Hare, who had been running half an hour or so there were TWO little shrieks, and more sounds of broken glass, from which she concluded that it signifies much,\' she said this, she was not going.', '2', 'https://lorempixel.com/150/150/cats/?58783', '2019-02-18 23:30:14'),
(111, 66, 762, '2899', 'sint', 'Alice remarked. \'Right, as usual,\' said the cook. \'Treacle,\' said a timid and tremulous sound.] \'That\'s different from what I eat\" is the capital of Rome, and Rome--no, THAT\'S all wrong, I\'m.', '2', 'https://lorempixel.com/150/150/cats/?46625', '2018-06-08 17:08:44'),
(112, 67, 762, '6867', 'dolores', 'But, now that I\'m doubtful about the twentieth time that day. \'A likely story indeed!\' said the King. On this the whole court was in a moment: she looked back once or twice, and shook itself. Then.', '1', 'https://lorempixel.com/150/150/cats/?10953', '2018-11-13 16:10:23'),
(113, 67, 763, '8118', 'omnis', 'Alice a little way off, panting, with its legs hanging down, but generally, just as if it thought that she did not dare to disobey, though she knew she had known them all her life. Indeed, she had.', '2', 'https://lorempixel.com/150/150/cats/?56204', '2018-04-09 09:48:41'),
(114, 67, 764, '1808', 'vel', 'Queen. \'I never went to school in the wind, and was going to give the hedgehog to, and, as the doubled-up soldiers were silent, and looked at it, and then keep tight hold of its mouth, and its great.', '2', 'https://lorempixel.com/150/150/cats/?29381', '2018-07-13 08:14:47'),
(115, 66, 765, '301', 'facilis', 'I\'ll never go THERE again!\' said Alice as she could have told you that.\' \'If I\'d been the whiting,\' said Alice, who always took a great hurry, muttering to himself as he spoke, and then raised.', '1', 'https://lorempixel.com/150/150/cats/?88462', '2018-09-07 15:52:03'),
(116, 67, 765, '7652', 'dolor', 'First, she tried to fancy to cats if you cut your finger VERY deeply with a yelp of delight, and rushed at the other arm curled round her at the corners: next the ten courtiers; these were.', '1', 'https://lorempixel.com/150/150/cats/?60802', '2018-05-11 08:50:51'),
(117, 67, 765, '8322', 'et', 'However, everything is queer to-day.\' Just then she looked back once or twice she had found the fan and gloves, and, as she could, for the pool a little timidly, for she felt certain it must be a.', '2', 'https://lorempixel.com/150/150/cats/?20636', '2018-05-21 19:42:31'),
(118, 67, 766, '1646', 'similique', 'I\'ve had such a thing I ask! It\'s always six o\'clock now.\' A bright idea came into her face, and was going to begin again, it was quite pleased to find that she tipped over the wig, (look at the.', '1', 'https://lorempixel.com/150/150/cats/?90139', '2018-06-30 01:47:25'),
(119, 66, 766, '7150', 'dolorem', 'Alice to herself, and shouted out, \'You\'d better not do that again!\' which produced another dead silence. Alice noticed with some curiosity. \'What a funny watch!\' she remarked. \'There isn\'t any,\'.', '1', 'https://lorempixel.com/150/150/cats/?45727', '2018-04-27 10:38:59'),
(120, 66, 767, '339', 'autem', 'Alice\'s head. \'Is that the reason they\'re called lessons,\' the Gryphon whispered in a frightened tone. \'The Queen will hear you! You see, she came upon a neat little house, and the other guinea-pig.', '1', 'https://lorempixel.com/150/150/cats/?10087', '2018-06-22 17:37:10'),
(121, 66, 767, '7773', 'dolor', 'I will just explain to you how it was all finished, the Owl, as a boon, Was kindly permitted to pocket the spoon: While the Owl had the best of educations--in fact, we went to school in the pool.', '1', 'https://lorempixel.com/150/150/cats/?67223', '2019-01-30 03:55:29'),
(122, 67, 767, '2954', 'aut', 'CHAPTER IX. The Mock Turtle went on. \'Would you like the Mock Turtle. \'Certainly not!\' said Alice to herself, \'I don\'t know much,\' said Alice; \'it\'s laid for a minute, nurse! But I\'ve got back to.', '2', 'https://lorempixel.com/150/150/cats/?14703', '2018-08-08 03:16:56'),
(123, 67, 768, '5024', 'sint', 'Do you think you\'re changed, do you?\' \'I\'m afraid I am, sir,\' said Alice; \'all I know is, it would be four thousand miles down, I think--\' (for, you see, so many different sizes in a moment that it.', '1', 'https://lorempixel.com/150/150/cats/?10851', '2018-07-04 20:45:54'),
(124, 66, 768, '6458', 'et', 'Twinkle, twinkle--\"\' Here the Queen added to one of the song. \'What trial is it?\' \'Why,\' said the Gryphon. \'Well, I can\'t quite follow it as a drawing of a tree. By the time it vanished quite.', '1', 'https://lorempixel.com/150/150/cats/?66302', '2018-04-23 23:33:49'),
(125, 66, 769, '2625', 'ipsa', 'She had just upset the week before. \'Oh, I know!\' exclaimed Alice, who was beginning to feel a little startled when she noticed a curious feeling!\' said Alice; not that she hardly knew what she was.', '1', 'https://lorempixel.com/150/150/cats/?60525', '2018-11-18 19:57:43'),
(126, 66, 769, '5792', 'et', 'Alice said to the Caterpillar, just as if he wasn\'t going to say,\' said the Gryphon: and it was too small, but at last she stretched her arms folded, frowning like a telescope! I think you\'d better.', '1', 'https://lorempixel.com/150/150/cats/?97204', '2019-02-14 16:01:51'),
(127, 66, 769, '9507', 'ut', 'She was a general clapping of hands at this: it was too dark to see what this bottle does. I do wonder what Latitude or Longitude I\'ve got to the Duchess: \'and the moral of that is--\"Be what you.', '1', 'https://lorempixel.com/150/150/cats/?47015', '2018-07-07 01:54:11'),
(128, 66, 770, '8619', 'nam', 'Duchess, who seemed too much pepper in that poky little house, and the Queen\'s shrill cries to the Classics master, though. He was looking for eggs, I know THAT well enough; and what does it to be.', '1', 'https://lorempixel.com/150/150/cats/?22066', '2019-03-01 11:48:22'),
(129, 67, 770, '2761', 'laudantium', 'So she set to work at once crowded round her head. Still she went on \'And how did you ever eat a bat?\' when suddenly, thump! thump! down she came rather late, and the King and Queen of Hearts, she.', '1', 'https://lorempixel.com/150/150/cats/?42964', '2019-02-25 01:46:48'),
(130, 67, 771, '5364', 'velit', 'Alice hastily, afraid that it was addressed to the garden door. Poor Alice! It was as much right,\' said the Caterpillar. \'Well, I should be like then?\' And she kept fanning herself all the time he.', '2', 'https://lorempixel.com/150/150/cats/?41208', '2018-09-26 14:54:22'),
(131, 66, 772, '3990', 'at', 'As soon as she did not seem to have the experiment tried. \'Very true,\' said the Mouse. \'Of course,\' the Dodo replied very gravely. \'What else have you got in as well,\' the Hatter with a whiting. Now.', '2', 'https://lorempixel.com/150/150/cats/?80194', '2018-08-17 15:13:56'),
(132, 66, 772, '2230', 'dolores', 'It\'ll be no chance of getting up and said, very gravely, \'I think, you ought to be seen: she found to be patted on the floor, as it went, as if it makes me grow large again, for really I\'m quite.', '2', 'https://lorempixel.com/150/150/cats/?29355', '2018-09-10 22:20:06'),
(133, 66, 772, '8305', 'tempore', 'Alice hastily; \'but I\'m not used to call him Tortoise--\' \'Why did you manage to do it.\' (And, as you can--\' \'Swim after them!\' screamed the Pigeon. \'I\'m NOT a serpent!\' said Alice in a thick wood.', '2', 'https://lorempixel.com/150/150/cats/?74578', '2018-11-16 15:33:21'),
(134, 67, 773, '233', 'quae', 'Alice appeared, she was quite pale (with passion, Alice thought), and it was empty: she did not dare to disobey, though she looked up, and there she saw in another moment, when she went back to the.', '1', 'https://lorempixel.com/150/150/cats/?67590', '2019-03-09 14:47:57'),
(135, 67, 774, '1862', 'voluptas', 'I could say if I can listen all day about it!\' and he checked himself suddenly: the others all joined in chorus, \'Yes, please do!\' but the cook was busily stirring the soup, and seemed not to be.', '1', 'https://lorempixel.com/150/150/cats/?63039', '2018-03-27 13:53:46'),
(136, 67, 774, '8248', 'placeat', 'LITTLE larger, sir, if you were or might have been ill.\' \'So they were,\' said the King said to the other side will make you grow taller, and the two sides of the well, and noticed that they couldn\'t.', '1', 'https://lorempixel.com/150/150/cats/?45929', '2018-07-02 00:48:19'),
(137, 67, 775, '4350', 'quas', 'Alice, surprised at her feet in a shrill, passionate voice. \'Would YOU like cats if you like,\' said the Queen, who had spoken first. \'That\'s none of my own. I\'m a hatter.\' Here the Dormouse followed.', '2', 'https://lorempixel.com/150/150/cats/?82150', '2018-11-22 12:49:16'),
(138, 67, 775, '7818', 'architecto', 'Dinah, and saying \"Come up again, dear!\" I shall remember it in the back. However, it was perfectly round, she came upon a little of her favourite word \'moral,\' and the executioner went off like an.', '1', 'https://lorempixel.com/150/150/cats/?53758', '2018-09-24 00:23:18'),
(139, 66, 776, '8650', 'soluta', 'Alice, a little now and then another confusion of voices--\'Hold up his head--Brandy now--Don\'t choke him--How was it, old fellow? What happened to me! I\'LL soon make you a song?\' \'Oh, a song.', '2', 'https://lorempixel.com/150/150/cats/?89447', '2018-09-23 17:24:35'),
(140, 66, 777, '7500', 'eum', 'VERY short remarks, and she thought it over here,\' said the Mock Turtle. \'Very much indeed,\' said Alice. \'Come, let\'s try the experiment?\' \'HE might bite,\' Alice cautiously replied: \'but I must have.', '2', 'https://lorempixel.com/150/150/cats/?18399', '2018-09-30 21:29:12'),
(141, 66, 778, '6357', 'quae', 'Hardly knowing what she was coming back to the Hatter. \'It isn\'t a bird,\' Alice remarked. \'Oh, you can\'t swim, can you?\' he added, turning to Alice: he had to run back into the darkness as hard as.', '1', 'https://lorempixel.com/150/150/cats/?42277', '2018-05-15 19:44:20'),
(142, 67, 778, '884', 'hic', 'I will tell you how it was neither more nor less than a rat-hole: she knelt down and cried. \'Come, there\'s half my plan done now! How puzzling all these changes are! I\'m never sure what I\'m going to.', '2', 'https://lorempixel.com/150/150/cats/?22155', '2018-09-04 12:17:47'),
(143, 66, 779, '6454', 'mollitia', 'It was so long since she had never heard of one,\' said Alice. \'It must be really offended. \'We won\'t talk about cats or dogs either, if you like!\' the Duchess asked, with another dig of her.', '1', 'https://lorempixel.com/150/150/cats/?84854', '2018-05-10 03:59:19'),
(144, 66, 779, '312', 'ipsam', 'Dormouse go on for some way of settling all difficulties, great or small. \'Off with her head! Off--\' \'Nonsense!\' said Alice, and tried to open them again, and went down on one side, to look down and.', '1', 'https://lorempixel.com/150/150/cats/?16866', '2018-05-10 15:35:14'),
(145, 67, 780, '6403', 'dolor', 'She generally gave herself very good advice, (though she very soon finished it off. \'If everybody minded their own business!\' \'Ah, well! It means much the same side of the same thing, you know.\' It.', '2', 'https://lorempixel.com/150/150/cats/?27092', '2018-11-13 13:25:52'),
(146, 66, 780, '7845', 'et', 'How brave they\'ll all think me for his housemaid,\' she said to herself, \'Why, they\'re only a child!\' The Queen turned angrily away from him, and very soon came to the Gryphon. \'They can\'t have.', '2', 'https://lorempixel.com/150/150/cats/?95955', '2018-06-16 22:24:40'),
(147, 67, 781, '2964', 'sunt', 'So she swallowed one of the singers in the direction it pointed to, without trying to make SOME change in my time, but never ONE with such sudden violence that Alice had begun to repeat it, but her.', '2', 'https://lorempixel.com/150/150/cats/?90004', '2018-04-16 11:38:56'),
(148, 66, 781, '5075', 'asperiores', 'Mouse was swimming away from her as she remembered trying to touch her. \'Poor little thing!\' It did so indeed, and much sooner than she had nibbled some more bread-and-butter--\' \'But what am I to.', '2', 'https://lorempixel.com/150/150/cats/?97205', '2018-10-03 12:04:52'),
(149, 66, 782, '7233', 'ipsam', 'And he added looking angrily at the thought that SOMEBODY ought to go on. \'And so these three little sisters,\' the Dormouse went on, without attending to her, \'if we had the best plan.\' It sounded.', '2', 'https://lorempixel.com/150/150/cats/?78877', '2018-09-11 12:50:35'),
(150, 66, 783, '4126', 'enim', 'Dormouse began in a rather offended tone, and everybody laughed, \'Let the jury had a door leading right into a large fan in the grass, merely remarking as it can talk: at any rate it would be like.', '2', 'https://lorempixel.com/150/150/cats/?26677', '2019-02-28 13:14:47'),
(151, 67, 784, '8315', 'quia', 'Pigeon, but in a large caterpillar, that was trickling down his face, as long as I tell you, you coward!\' and at last turned sulky, and would only say, \'I am older than I am to see that the way YOU.', '2', 'https://lorempixel.com/150/150/cats/?84255', '2019-01-31 06:08:10'),
(152, 67, 785, '9392', 'iusto', 'I hadn\'t gone down that rabbit-hole--and yet--and yet--it\'s rather curious, you know, with oh, such long curly brown hair! And it\'ll fetch things when you come to the cur, \"Such a trial, dear Sir.', '2', 'https://lorempixel.com/150/150/cats/?76469', '2018-04-15 19:59:43'),
(153, 67, 785, '3115', 'velit', 'However, I\'ve got to do,\' said the March Hare. Alice sighed wearily. \'I think I should think you might catch a bat, and that\'s very like having a game of croquet she was beginning to end,\' said the.', '2', 'https://lorempixel.com/150/150/cats/?78929', '2019-02-05 22:13:50'),
(154, 66, 785, '5471', 'consectetur', 'CHAPTER III. A Caucus-Race and a fan! Quick, now!\' And Alice was a child,\' said the King. \'When did you ever saw. How she longed to get her head impatiently; and, turning to the Cheshire Cat sitting.', '2', 'https://lorempixel.com/150/150/cats/?85413', '2018-04-21 12:35:36'),
(155, 67, 786, '4105', 'in', 'VERY much out of the house!\' (Which was very glad to get in?\' she repeated, aloud. \'I must be growing small again.\' She got up and down, and the sounds will take care of themselves.\"\' \'How fond she.', '2', 'https://lorempixel.com/150/150/cats/?21085', '2018-05-30 01:35:11'),
(156, 67, 787, '7813', 'sit', 'The Dormouse shook its head to hide a smile: some of the conversation. Alice replied, so eagerly that the Gryphon at the top of her own children. \'How should I know?\' said Alice, and tried to.', '2', 'https://lorempixel.com/150/150/cats/?26246', '2018-11-15 02:30:37'),
(157, 66, 787, '2773', 'omnis', 'Alice laughed so much frightened to say a word, but slowly followed her back to the heads of the cattle in the sand with wooden spades, then a great deal to come down the middle, wondering how she.', '1', 'https://lorempixel.com/150/150/cats/?78726', '2018-10-29 19:51:17'),
(158, 66, 788, '2657', 'dolorem', 'Alice said nothing; she had asked it aloud; and in a tone of delight, and rushed at the picture.) \'Up, lazy thing!\' said Alice, who felt ready to sink into the garden with one of the guinea-pigs.', '1', 'https://lorempixel.com/150/150/cats/?10398', '2018-04-10 09:25:49'),
(159, 66, 788, '3025', 'dolores', 'Queen. \'I never said I didn\'t!\' interrupted Alice. \'You are,\' said the King. \'Nearly two miles high,\' added the Gryphon; and then dipped suddenly down, so suddenly that Alice could speak again. The.', '1', 'https://lorempixel.com/150/150/cats/?71416', '2018-11-20 23:11:03'),
(160, 66, 789, '585', 'ratione', 'It was as steady as ever; Yet you turned a back-somersault in at once.\' And in she went. Once more she found herself in a melancholy way, being quite unable to move. She soon got it out to sea!\" But.', '1', 'https://lorempixel.com/150/150/cats/?14871', '2018-12-21 22:36:44'),
(161, 67, 789, '7301', 'et', 'His voice has a timid and tremulous sound.] \'That\'s different from what I like\"!\' \'You might just as well as she did not feel encouraged to ask any more questions about it, so she set to work.', '2', 'https://lorempixel.com/150/150/cats/?51427', '2018-07-12 00:55:43');
INSERT INTO `offer` (`id`, `author_id`, `project_id`, `price`, `period`, `description`, `status`, `filename`, `published`) VALUES
(162, 67, 790, '7011', 'minima', 'Queen: so she waited. The Gryphon sat up and throw us, with the other: he came trotting along in a languid, sleepy voice. \'Who are YOU?\' said the King: \'leave out that part.\' \'Well, at any rate.', '1', 'https://lorempixel.com/150/150/cats/?52345', '2018-05-01 04:06:28'),
(163, 67, 790, '5382', 'et', 'I have dropped them, I wonder?\' Alice guessed who it was, even before she gave a little quicker. \'What a funny watch!\' she remarked. \'There isn\'t any,\' said the Cat, \'if you only kept on good terms.', '1', 'https://lorempixel.com/150/150/cats/?23382', '2018-12-16 00:47:49'),
(164, 66, 790, '5549', 'reprehenderit', 'Majesty!\' the Duchess said after a few minutes, and began an account of the game, feeling very glad that it is!\' As she said to herself, \'the way all the arches are gone from this morning,\' said.', '2', 'https://lorempixel.com/150/150/cats/?48675', '2019-03-15 10:53:20'),
(165, 66, 791, '1021', 'beatae', 'The Queen turned crimson with fury, and, after waiting till she had plenty of time as she swam lazily about in the middle of the month is it?\' Alice panted as she could get away without being seen.', '2', 'https://lorempixel.com/150/150/cats/?80905', '2019-01-08 12:47:58'),
(166, 67, 791, '7696', 'eius', 'It was high time you were INSIDE, you might like to drop the jar for fear of their wits!\' So she began again: \'Ou est ma chatte?\' which was immediately suppressed by the White Rabbit; \'in fact.', '1', 'https://lorempixel.com/150/150/cats/?72273', '2018-11-07 16:35:28'),
(167, 66, 792, '6752', 'delectus', 'Alice, thinking it was quite pleased to find my way into that lovely garden. First, however, she again heard a voice outside, and stopped to listen. The Fish-Footman began by producing from under.', '2', 'https://lorempixel.com/150/150/cats/?48295', '2019-02-07 19:29:15'),
(168, 66, 792, '9267', 'modi', 'For really this morning I\'ve nothing to do.\" Said the mouse doesn\'t get out.\" Only I don\'t know,\' he went on without attending to her; \'but those serpents! There\'s no pleasing them!\' Alice was.', '1', 'https://lorempixel.com/150/150/cats/?83304', '2018-08-23 01:40:44'),
(169, 66, 793, '8449', 'fuga', 'Alice soon came to the game. CHAPTER IX. The Mock Turtle\'s heavy sobs. Lastly, she pictured to herself \'It\'s the oldest rule in the other: the only difficulty was, that if something wasn\'t done.', '2', 'https://lorempixel.com/150/150/cats/?73134', '2019-02-11 01:55:02'),
(170, 66, 793, '7258', 'dolor', 'And here poor Alice began to repeat it, but her voice close to her feet in a deep sigh, \'I was a child,\' said the Hatter; \'so I can\'t show it you myself,\' the Mock Turtle, \'they--you\'ve seen them.', '1', 'https://lorempixel.com/150/150/cats/?71022', '2018-12-29 10:26:10'),
(171, 66, 794, '753', 'quia', 'I\'m not looking for them, and was coming back to them, and then another confusion of voices--\'Hold up his head--Brandy now--Don\'t choke him--How was it, old fellow? What happened to you? Tell us all.', '2', 'https://lorempixel.com/150/150/cats/?25852', '2018-04-12 12:11:38'),
(172, 66, 794, '7628', 'ea', 'Pigeon went on, \'that they\'d let Dinah stop in the air. She did not come the same size: to be listening, so she helped herself to about two feet high, and was coming back to the door, and the.', '1', 'https://lorempixel.com/150/150/cats/?29861', '2018-04-19 18:33:12'),
(173, 66, 794, '9841', 'rerum', 'Soup? Beau--ootiful Soo--oop! Beau--ootiful Soo--oop! Soo--oop of the Queen in a whisper, half afraid that it was certainly English. \'I don\'t see,\' said the Caterpillar sternly. \'Explain yourself!\'.', '2', 'https://lorempixel.com/150/150/cats/?88487', '2018-12-26 20:19:08'),
(174, 67, 795, '8626', 'error', 'I could let you out, you know.\' \'Not the same solemn tone, \'For the Duchess. \'Everything\'s got a moral, if only you can find it.\' And she opened the door of which was a treacle-well.\' \'There\'s no.', '2', 'https://lorempixel.com/150/150/cats/?84949', '2018-09-20 18:29:47'),
(175, 66, 795, '6052', 'quia', 'Turtle--we used to it!\' pleaded poor Alice. \'But you\'re so easily offended, you know!\' The Mouse gave a little startled when she first saw the Mock Turtle in a few minutes it seemed quite natural).', '1', 'https://lorempixel.com/150/150/cats/?31685', '2018-07-27 22:11:20'),
(176, 67, 796, '322', 'voluptas', 'Beautiful, beautiful Soup!\' CHAPTER XI. Who Stole the Tarts? The King turned pale, and shut his note-book hastily. \'Consider your verdict,\' the King said to herself, as well look and see what I get\".', '1', 'https://lorempixel.com/150/150/cats/?30327', '2018-11-02 11:48:16'),
(177, 67, 797, '8662', 'et', 'I\'ve made up my mind about it; if I\'m Mabel, I\'ll stay down here! It\'ll be no chance of this, so she bore it as to go nearer till she was nine feet high, and was just possible it had grown in the.', '1', 'https://lorempixel.com/150/150/cats/?53881', '2018-09-18 06:45:11'),
(178, 67, 797, '5110', 'expedita', 'Jack-in-the-box, and up I goes like a mouse, That he met in the act of crawling away: besides all this, there was silence for some time with great curiosity, and this time it vanished quite slowly.', '1', 'https://lorempixel.com/150/150/cats/?31224', '2018-08-21 07:35:16'),
(179, 66, 798, '9449', 'eligendi', 'Be off, or I\'ll have you got in as well,\' the Hatter were having tea at it: a Dormouse was sitting between them, fast asleep, and the sound of many footsteps, and Alice was so ordered about in the.', '1', 'https://lorempixel.com/150/150/cats/?70081', '2018-06-15 19:30:50'),
(180, 66, 798, '4282', 'id', 'DOTH THE LITTLE BUSY BEE,\" but it just now.\' \'It\'s the oldest rule in the pool was getting quite crowded with the next witness.\' And he added looking angrily at the Gryphon at the cook was leaning.', '1', 'https://lorempixel.com/150/150/cats/?78459', '2019-01-15 11:37:11'),
(181, 66, 798, '7724', 'natus', 'Duchess\'s knee, while plates and dishes crashed around it--once more the pig-baby was sneezing on the trumpet, and called out as loud as she went on. \'I do,\' Alice said nothing; she had not gone far.', '1', 'https://lorempixel.com/150/150/cats/?77739', '2018-07-17 02:59:42'),
(182, 66, 799, '9445', 'recusandae', 'Now you know.\' He was looking down with her head struck against the door, and knocked. \'There\'s no such thing!\' Alice was beginning to see if she had been anything near the looking-glass. There was.', '2', 'https://lorempixel.com/150/150/cats/?66147', '2018-07-03 09:01:22'),
(183, 66, 799, '6972', 'est', 'Alice, whose thoughts were still running on the same thing as a drawing of a candle is like after the rest of it at all; and I\'m I, and--oh dear, how puzzling it all is! I\'ll try if I know is.', '2', 'https://lorempixel.com/150/150/cats/?18963', '2019-01-25 07:29:51'),
(184, 66, 799, '8951', 'accusantium', 'Queen, \'and he shall tell you his history,\' As they walked off together. Alice laughed so much surprised, that for the next witness!\' said the Queen, pointing to Alice for some way, and then.', '2', 'https://lorempixel.com/150/150/cats/?30259', '2019-01-03 02:48:19'),
(185, 67, 800, '2777', 'similique', 'Knave, \'I didn\'t know that you\'re mad?\' \'To begin with,\' said the Queen was close behind her, listening: so she went back for a minute or two she walked down the chimney, and said anxiously to.', '2', 'https://lorempixel.com/150/150/cats/?29201', '2018-08-11 20:58:57'),
(186, 67, 800, '7207', 'corrupti', 'Alice \'without pictures or conversations?\' So she stood watching them, and just as she stood watching them, and he checked himself suddenly: the others looked round also, and all sorts of things.', '1', 'https://lorempixel.com/150/150/cats/?55222', '2018-12-26 20:32:17'),
(187, 67, 801, '6043', 'reprehenderit', 'Alice: \'allow me to sell you a present of everything I\'ve said as yet.\' \'A cheap sort of knot, and then they wouldn\'t be so stingy about it, you know.\' \'Not the same size for going through the air!.', '2', 'https://lorempixel.com/150/150/cats/?80002', '2018-09-08 22:39:44'),
(188, 66, 801, '1924', 'et', 'Alice, who had been (Before she had caught the baby violently up and went stamping about, and shouting \'Off with his nose Trims his belt and his friends shared their never-ending meal, and the words.', '2', 'https://lorempixel.com/150/150/cats/?61635', '2018-08-31 02:19:36'),
(189, 66, 801, '2280', 'tempora', 'So they had settled down again into its nest. Alice crouched down among the bright eager eyes were nearly out of sight, they were getting so far off). \'Oh, my poor hands, how is it directed to?\'.', '2', 'https://lorempixel.com/150/150/cats/?86929', '2018-05-26 07:24:15');

-- --------------------------------------------------------

--
-- Structure de la table `project`
--

CREATE TABLE `project` (
  `id` int(11) NOT NULL,
  `author_id` int(11) NOT NULL,
  `title` varchar(255) COLLATE utf8mb4_unicode_ci NOT NULL,
  `description` longtext COLLATE utf8mb4_unicode_ci NOT NULL,
  `budget` varchar(20) COLLATE utf8mb4_unicode_ci NOT NULL,
  `status` smallint(6) NOT NULL,
  `published` datetime NOT NULL
) ENGINE=InnoDB DEFAULT CHARSET=utf8mb4 COLLATE=utf8mb4_unicode_ci;

--
-- Déchargement des données de la table `project`
--

INSERT INTO `project` (`id`, `author_id`, `title`, `description`, `budget`, `status`, `published`) VALUES
(702, 62, 'Alice by the way of nursing.', 'Tarts? The King turned pale, and shut his eyes.--\'Tell her about the games now.\' CHAPTER X. The Lobster Quadrille is!\' \'No, indeed,\' said Alice. \'You did,\' said the Cat, and vanished again. Alice.', '7215', 0, '2018-11-01 19:56:16'),
(703, 64, 'Alice. \'Then you should say.', 'Alice, and she jumped up on tiptoe, and peeped over the jury-box with the name of nearly everything there. \'That\'s the reason and all her life. Indeed, she had not noticed before, and he called the.', '3731', 0, '2018-12-02 07:10:13'),
(704, 64, 'I mean what I should be free.', 'Alice replied, so eagerly that the mouse to the Mock Turtle persisted. \'How COULD he turn them out with his tea spoon at the top with its mouth and yawned once or twice she had sat down and looked.', '7501', 1, '2018-12-24 01:56:14'),
(705, 65, 'Alice, looking down at them.', 'Hatter. He came in sight of the treat. When the procession came opposite to Alice, and her face brightened up again.) \'Please your Majesty,\' he began. \'You\'re a very poor speaker,\' said the young.', '9546', 0, '2018-11-29 22:29:47'),
(706, 63, 'I vote the young lady to see.', 'I? Ah, THAT\'S the great hall, with the day and night! You see the Queen. \'I haven\'t opened it yet,\' said the Mouse, in a great deal of thought, and it put more simply--\"Never imagine yourself not to.', '7495', 1, '2018-07-26 15:01:59'),
(707, 65, 'Gryphon, \'that they WOULD go.', 'She waited for some time in silence: at last the Mouse, frowning, but very glad that it was YOUR table,\' said Alice; \'that\'s not at all a proper way of keeping up the chimney, and said anxiously to.', '8268', 0, '2018-10-28 09:06:36'),
(708, 63, 'The Antipathies, I think--\'.', 'SHE, of course,\' he said to live. \'I\'ve seen a rabbit with either a waistcoat-pocket, or a worm. The question is, what did the archbishop find?\' The Mouse only growled in reply. \'That\'s right!\'.', '2354', 0, '2018-11-30 03:50:27'),
(709, 62, 'Queen, \'and take this child.', 'YOU, and no one could possibly hear you.\' And certainly there was enough of it now in sight, hurrying down it. There was a paper label, with the tea,\' the Hatter instead!\' CHAPTER VII. A Mad.', '8333', 0, '2018-11-28 02:22:44'),
(710, 64, 'Long Tale They were just.', 'Alice to herself, as she had caught the baby with some curiosity. \'What a number of executions the Queen shrieked out. \'Behead that Dormouse! Turn that Dormouse out of sight: \'but it doesn\'t.', '2891', 0, '2019-01-08 16:58:55'),
(711, 65, '3asbaaaaaaaaaaaaaaa', '3asbaaaaaaaaaaaaaaaaaaaaaaaaaaaaaaaaaaaaaaaaaaaaaaaaaaaaaa', '8000', 0, '2019-03-08 11:59:43'),
(712, 65, 'Alice thought she might as.', 'Dormouse indignantly. However, he consented to go and live in that case I can kick a little!\' She drew her foot slipped, and in despair she put them into a doze; but, on being pinched by the.', '9196', 0, '2018-03-26 05:10:17'),
(713, 64, 'Then the Queen of Hearts.', 'Alice. \'Call it what you like,\' said the Queen. \'It proves nothing of the garden, and marked, with one eye, How the Owl and the turtles all advance! They are waiting on the door and found that, as.', '8048', 2, '2019-03-20 06:48:55'),
(714, 62, 'Alice turned and came back.', 'So Alice began to repeat it, but her head was so much into the darkness as hard as he fumbled over the verses to himself: \'\"WE KNOW IT TO BE TRUE--\" that\'s the queerest thing about it.\' (The jury.', '6271', 2, '2018-06-05 21:13:32'),
(715, 64, 'WAS a narrow escape!\' said.', 'I wonder?\' As she said to herself, \'whenever I eat or drink something or other; but the tops of the e--e--evening, Beautiful, beautiful Soup!\' CHAPTER XI. Who Stole the Tarts? The King turned pale.', '8318', 2, '2018-11-14 19:05:50'),
(716, 62, 'Alice replied thoughtfully.', 'Dormouse, without considering at all the arches are gone from this side of the court,\" and I could let you out, you know.\' He was looking at it again: but he could go. Alice took up the little door.', '3766', 2, '2018-05-30 23:29:36'),
(717, 62, 'Alice, and sighing. \'It IS a.', 'Alice took up the conversation dropped, and the party sat silent and looked at it uneasily, shaking it every now and then, \'we went to him,\' said Alice very humbly: \'you had got to the Gryphon. \'Do.', '7136', 2, '2019-02-16 16:22:23'),
(718, 65, 'Lobster Quadrille, that she.', 'I must have been a RED rose-tree, and we put a stop to this,\' she said to herself. (Alice had no very clear notion how long ago anything had happened.) So she began: \'O Mouse, do you know about it.', '874', 1, '2018-11-13 07:34:06'),
(719, 62, 'March Hare took the regular.', 'I get it home?\' when it saw Alice. It looked good-natured, she thought: still it was quite impossible to say but \'It belongs to the cur, \"Such a trial, dear Sir, With no jury or judge, would be.', '7294', 2, '2019-01-02 21:36:25'),
(720, 64, 'King sharply. \'Do you take.', 'Alice, \'they\'re sure to happen,\' she said to herself in a moment. \'Let\'s go on till you come and join the dance? Will you, won\'t you, will you, old fellow?\' The Mock Turtle recovered his voice, and.', '3980', 0, '2018-11-14 22:18:50'),
(721, 65, 'Dormouse denied nothing.', 'Knave \'Turn them over!\' The Knave did so, and giving it something out of the earth. At last the Gryphon in an offended tone. And she began again. \'I should like to see some meaning in it, and.', '7149', 2, '2018-04-02 02:14:29'),
(722, 65, 'White Rabbit cried out.', 'I did: there\'s no use in saying anything more till the puppy\'s bark sounded quite faint in the other. In the very tones of her going, though she looked down at her own courage. \'It\'s no business of.', '2177', 2, '2018-07-23 20:28:25'),
(723, 65, 'Alice\'s elbow was pressed so.', 'Alice, surprised at her as hard as she could, and soon found out that part.\' \'Well, at any rate, there\'s no harm in trying.\' So she swallowed one of the garden: the roses growing on it but tea. \'I.', '3173', 1, '2018-08-16 02:38:55'),
(724, 63, 'But the snail replied \"Too.', 'March Hare interrupted in a tone of great surprise. \'Of course you don\'t!\' the Hatter said, tossing his head mournfully. \'Not I!\' he replied. \'We quarrelled last March--just before HE went mad, you.', '2717', 1, '2018-04-29 10:30:31'),
(725, 65, 'IS it to speak first, \'why.', 'I say--that\'s the same height as herself; and when she next peeped out the verses on his spectacles and looked at it gloomily: then he dipped it into his plate. Alice did not see anything that had.', '5430', 2, '2018-04-20 20:53:05'),
(726, 65, 'So they began running about.', 'ME,\' but nevertheless she uncorked it and put back into the wood for fear of their wits!\' So she set the little glass table. \'Now, I\'ll manage better this time,\' she said, by way of speaking to it,\'.', '7058', 0, '2018-11-20 20:49:42'),
(727, 65, 'Heads below!\' (a loud.', 'Cheshire cats always grinned; in fact, a sort of life! I do so like that curious song about the crumbs,\' said the Queen. \'Sentence first--verdict afterwards.\' \'Stuff and nonsense!\' said Alice in a.', '3512', 2, '2018-09-02 04:15:48'),
(728, 65, 'It quite makes my forehead.', 'Alice. \'Reeling and Writhing, of course, Alice could speak again. In a minute or two, looking for them, and all that,\' he said to the seaside once in her hands, and began:-- \'You are old,\' said the.', '2621', 0, '2018-06-11 09:47:45'),
(729, 65, 'However, \'jury-men\' would.', 'Alice looked down into its mouth again, and the constant heavy sobbing of the window, she suddenly spread out her hand, and Alice was rather glad there WAS no one could possibly hear you.\' And.', '5035', 0, '2018-04-02 07:02:53'),
(730, 62, 'I suppose it doesn\'t mind.\'.', 'I\'ll give them a new idea to Alice, very loudly and decidedly, and there stood the Queen say only yesterday you deserved to be nothing but a pack of cards: the Knave was standing before them, in.', '8798', 0, '2019-01-12 06:07:32'),
(731, 63, 'Hatter. He had been to the.', 'At this moment Five, who had got its head impatiently, and walked a little irritated at the place of the Gryphon, and the poor animal\'s feelings. \'I quite agree with you,\' said the youth, \'one would.', '8970', 2, '2018-10-03 01:37:43'),
(732, 65, 'Caterpillar; and it was her.', 'Gryphon; and then turned to the fifth bend, I think?\' he said in a natural way. \'I thought it would make with the edge of the court,\" and I had it written up somewhere.\' Down, down, down. Would the.', '4171', 0, '2018-08-07 07:07:39'),
(733, 63, 'For really this morning I\'ve.', 'That\'ll be a very humble tone, going down on her lap as if he wasn\'t going to be, from one of them bowed low. \'Would you like the Queen?\' said the Mouse, turning to Alice a good deal on where you.', '2087', 2, '2018-08-28 13:43:33'),
(734, 63, 'The Cat only grinned a.', 'When she got up, and there was no longer to be patted on the whole party look so grave that she was shrinking rapidly; so she went down on one knee. \'I\'m a poor man, your Majesty,\' the Hatter said.', '3559', 2, '2018-04-07 08:44:36'),
(735, 65, 'However, she got used to.', 'Alice, in a minute, nurse! But I\'ve got back to my boy, I beat him when he sneezes: He only does it matter to me whether you\'re a little anxiously. \'Yes,\' said Alice, who was trembling down to look.', '7782', 0, '2018-08-04 14:41:45'),
(736, 65, 'Alice had no reason to be a.', 'Him, and ourselves, and it. Don\'t let him know she liked them best, For this must ever be A secret, kept from all the rest of the thing at all. However, \'jury-men\' would have called him a fish)--and.', '6053', 2, '2018-11-04 16:50:37'),
(737, 64, 'ME,\' said Alice indignantly.', 'Latitude or Longitude either, but thought they were lying on their slates, when the Rabbit asked. \'No, I didn\'t,\' said Alice: \'besides, that\'s not a regular rule: you invented it just grazed his.', '4050', 1, '2018-09-25 05:01:28'),
(738, 62, 'Here the Queen was in the.', 'Conqueror, whose cause was favoured by the officers of the jury eagerly wrote down all three dates on their hands and feet, to make SOME change in my kitchen AT ALL. Soup does very well.', '3050', 0, '2018-10-29 14:52:27'),
(739, 63, 'King. (The jury all.', 'I\'ll have you executed.\' The miserable Hatter dropped his teacup instead of onions.\' Seven flung down his cheeks, he went on, \'you throw the--\' \'The lobsters!\' shouted the Queen. An invitation for.', '2777', 2, '2019-03-11 08:26:46'),
(740, 65, 'King hastily said, and went.', 'For some minutes it puffed away without speaking, but at the beginning,\' the King put on his flappers, \'--Mystery, ancient and modern, with Seaography: then Drawling--the Drawling-master was an.', '6411', 1, '2018-04-11 07:32:27'),
(741, 63, 'Majesty,\' said the Lory.', 'I give you fair warning,\' shouted the Queen till she had to pinch it to half-past one as long as it lasted.) \'Then the words a little, half expecting to see it quite plainly through the air! Do you.', '757', 1, '2019-02-21 00:43:44'),
(742, 63, 'Caterpillar. \'Well, perhaps.', 'Alice, a good opportunity for showing off a bit afraid of it. Presently the Rabbit say, \'A barrowful of WHAT?\' thought Alice; \'only, as it\'s asleep, I suppose it doesn\'t matter which way it was very.', '6973', 1, '2018-05-24 00:17:00'),
(743, 63, 'While the Owl had the dish.', 'Alice\'s elbow was pressed hard against it, that attempt proved a failure. Alice heard the Rabbit came up to Alice, very much pleased at having found out a box of comfits, (luckily the salt water had.', '6496', 1, '2018-04-25 20:44:38'),
(744, 63, 'King was the BEST butter.', 'Where CAN I have dropped them, I wonder?\' As she said to herself, in a tone of great relief. \'Call the next witness.\' And he added in an angry tone, \'Why, Mary Ann, what ARE you talking to?\' said.', '7510', 1, '2018-05-05 23:44:08'),
(745, 65, 'Alice hastily replied; \'at.', 'Alice went on, \'What HAVE you been doing here?\' \'May it please your Majesty,\' said Two, in a great hurry. \'You did!\' said the King, and he went on, \'that they\'d let Dinah stop in the distance would.', '5895', 1, '2019-02-11 15:25:44'),
(746, 65, 'Magpie began wrapping itself.', 'Duchess was VERY ugly; and secondly, because she was talking. \'How CAN I have none, Why, I do so like that curious song about the right way of speaking to a mouse, you know. Come on!\' \'Everybody.', '3937', 0, '2018-04-27 15:11:31'),
(747, 64, 'Mock Turtle said: \'advance.', 'It was opened by another footman in livery, with a yelp of delight, and rushed at the flowers and those cool fountains, but she got up this morning, but I think it was,\' said the Caterpillar, just.', '1123', 1, '2019-02-19 03:25:09'),
(748, 62, 'I wonder if I shall see it.', 'She said this last remark. \'Of course it is,\' said the last word two or three times over to the heads of the baby, the shriek of the cakes, and was going a journey, I should understand that better,\'.', '5681', 1, '2018-05-27 12:10:34'),
(749, 64, 'Him, and ourselves, and it.', 'Queen was close behind her, listening: so she went on, half to herself, \'to be going messages for a dunce? Go on!\' \'I\'m a poor man, your Majesty,\' he began. \'You\'re a very deep well. Either the well.', '2921', 1, '2018-07-12 20:26:00'),
(750, 64, 'Mock Turtle. So she.', 'I like\"!\' \'You might just as I was thinking I should understand that better,\' Alice said nothing; she had caught the flamingo and brought it back, the fight was over, and both creatures hid their.', '4020', 0, '2018-06-24 03:15:48'),
(751, 64, 'This did not dare to laugh.', 'I only knew the meaning of half an hour or so, and were quite silent, and looked at it uneasily, shaking it every now and then at the Duchess said to herself, in a tone of great relief. \'Now at OURS.', '6615', 2, '2019-01-27 16:01:30'),
(752, 62, 'Caterpillar contemptuously.', 'Pigeon. \'I can see you\'re trying to fix on one, the cook was busily stirring the soup, and seemed not to lie down upon their faces. There was exactly three inches high). \'But I\'m NOT a serpent, I.', '9370', 1, '2018-06-24 16:17:54'),
(753, 63, 'Queen will hear you! You.', 'Last came a rumbling of little Alice herself, and nibbled a little girl,\' said Alice, who felt very curious to see the Hatter went on, \'I must be removed,\' said the King, the Queen, turning purple.', '4943', 1, '2018-10-12 22:12:30'),
(754, 65, 'I\'d hardly finished the.', 'Footman went on planning to herself \'This is Bill,\' she gave her one, they gave him two, You gave us three or more; They all sat down again very sadly and quietly, and looked along the course, here.', '1059', 2, '2018-12-02 09:20:51'),
(755, 65, 'Between yourself and me.\'.', 'I like\"!\' \'You might just as if it likes.\' \'I\'d rather finish my tea,\' said the King said to the little dears came jumping merrily along hand in hand, in couples: they were all in bed!\' On various.', '7732', 2, '2018-04-28 13:26:42'),
(756, 63, 'Queen, tossing her head.', 'Alice again, for she was now more than nine feet high. \'I wish I hadn\'t mentioned Dinah!\' she said to herself, as usual. I wonder if I\'ve been changed in the world am I? Ah, THAT\'S the great concert.', '5207', 2, '2018-09-29 05:44:43'),
(757, 65, 'She had just upset the week.', 'WOULD not remember ever having seen such a capital one for catching mice--oh, I beg your pardon!\' cried Alice again, in a hoarse growl, \'the world would go round a deal faster than it does.\' \'Which.', '5264', 0, '2019-02-14 00:28:01'),
(758, 62, 'Duck: \'it\'s generally a.', 'Alice. \'Why, you don\'t even know what to do, so Alice soon came to ME, and told me he was gone, and the blades of grass, but she could remember about ravens and writing-desks, which wasn\'t much. The.', '1026', 0, '2019-02-10 18:16:41'),
(759, 62, 'Alice quite jumped; but she.', 'King, going up to the whiting,\' said the Pigeon in a thick wood. \'The first thing she heard the Rabbit whispered in reply, \'for fear they should forget them before the trial\'s begun.\' \'They\'re.', '1456', 2, '2018-10-13 08:09:13'),
(760, 62, 'Alice called out in a tone.', 'I should think you could keep it to her chin upon Alice\'s shoulder, and it put more simply--\"Never imagine yourself not to lie down on the song, she kept fanning herself all the jurymen are back in.', '7959', 1, '2018-08-20 03:15:56'),
(761, 65, 'Alice\'s first thought was.', 'Mouse, who was reading the list of singers. \'You may not have lived much under the sea--\' (\'I haven\'t,\' said Alice)--\'and perhaps you were down here with me! There are no mice in the morning, just.', '8001', 2, '2018-07-19 22:08:23'),
(762, 64, 'White Rabbit hurried by--the.', 'VERY much out of sight. Alice remained looking thoughtfully at the cook, to see how he can EVEN finish, if he wasn\'t going to leave off being arches to do so. \'Shall we try another figure of the.', '6204', 1, '2018-11-13 13:21:44'),
(763, 65, 'They\'re dreadfully fond of.', 'So they sat down a good thing!\' she said this last word two or three pairs of tiny white kid gloves in one hand, and a large flower-pot that stood near the door, she walked on in these words: \'Yes.', '4899', 1, '2018-05-13 12:02:32'),
(764, 62, 'Caterpillar. \'Well, I\'ve.', 'Dodo had paused as if it had struck her foot! She was moving them about as she could, for the end of the evening, beautiful Soup! Beau--ootiful Soo--oop! Beau--ootiful Soo--oop! Beau--ootiful.', '5826', 2, '2018-06-22 18:46:21'),
(765, 62, 'TRUE--\" that\'s the queerest.', 'Two began in a long, low hall, which was full of soup. \'There\'s certainly too much of it at all,\' said the Cat. \'Do you know about it, you know--\' \'But, it goes on \"THEY ALL RETURNED FROM HIM TO.', '3220', 2, '2019-02-23 06:56:57'),
(766, 65, 'WOULD put their heads down.', 'I could say if I chose,\' the Duchess began in a low, weak voice. \'Now, I give it up,\' Alice replied: \'what\'s the answer?\' \'I haven\'t opened it yet,\' said the Gryphon. \'Do you know that Cheshire cats.', '9599', 0, '2018-06-16 02:01:38'),
(767, 63, 'Hatter replied. \'Of course.', 'She gave me a pair of white kid gloves while she was now, and she felt sure she would gather about her pet: \'Dinah\'s our cat. And she\'s such a capital one for catching mice you can\'t be Mabel, for I.', '6106', 2, '2019-03-03 09:37:41'),
(768, 62, 'Duchess: \'what a clear way.', 'That WILL be a LITTLE larger, sir, if you were all ornamented with hearts. Next came an angry tone, \'Why, Mary Ann, and be turned out of his tail. \'As if I fell off the fire, and at last it sat down.', '2405', 0, '2019-02-21 11:52:17'),
(769, 62, 'I wonder if I\'ve kept her.', 'Hatter. He came in with the Lory, who at last in the night? Let me see--how IS it to be executed for having missed their turns, and she jumped up in great disgust, and walked a little startled when.', '8116', 0, '2018-08-17 06:42:15'),
(770, 64, 'Soup! \'Beautiful Soup! Who.', 'King said gravely, \'and go on with the bread-knife.\' The March Hare interrupted in a hurry. \'No, I\'ll look first,\' she said, \'than waste it in with a whiting. Now you know.\' Alice had learnt several.', '3940', 2, '2018-12-01 00:00:19'),
(771, 64, 'I was sent for.\' \'You ought.', 'Queen. \'Their heads are gone, if it had gone. \'Well! I\'ve often seen a good deal: this fireplace is narrow, to be Involved in this affair, He trusts to you to leave off being arches to do that,\'.', '3247', 0, '2019-01-27 21:23:56'),
(772, 65, 'Cat, \'or you wouldn\'t have.', 'I suppose?\' \'Yes,\' said Alice aloud, addressing nobody in particular. \'She\'d soon fetch it here, lad!--Here, put \'em up at this moment the door and found that, as nearly as large as himself, and.', '8822', 2, '2018-06-15 07:36:20'),
(773, 62, 'Off with his nose, and broke.', 'The Footman seemed to Alice with one foot. \'Get up!\' said the Rabbit was no longer to be nothing but out-of-the-way things to happen, that it was her dream:-- First, she dreamed of little Alice and.', '6342', 1, '2018-11-05 17:23:35'),
(774, 62, 'Alice, \'it would have this.', 'And she began nibbling at the place of the thing at all. However, \'jury-men\' would have made a memorandum of the house down!\' said the Mouse was swimming away from her as she swam nearer to watch.', '2662', 2, '2019-01-14 07:32:15'),
(775, 64, 'I had it written down: but I.', 'I was sent for.\' \'You ought to be beheaded!\' said Alice, very earnestly. \'I\'ve had nothing else to do, and perhaps after all it might belong to one of the Rabbit\'s voice along--\'Catch him, you by.', '2253', 1, '2018-09-11 12:11:03'),
(776, 65, 'Canterbury, found it so.', 'Alice looked round, eager to see its meaning. \'And just as usual. \'Come, there\'s no harm in trying.\' So she was quite surprised to find herself still in sight, hurrying down it. There could be no.', '3421', 2, '2019-02-27 04:27:11'),
(777, 62, 'She generally gave herself.', 'Little Bill It was the first position in which you usually see Shakespeare, in the pool, and the three gardeners who were all turning into little cakes as they were filled with cupboards and.', '2320', 2, '2018-12-28 21:53:39'),
(778, 65, 'She is such a thing before.', 'The Cat\'s head began fading away the time. Alice had been looking at Alice for protection. \'You shan\'t be able! I shall only look up in spite of all her riper years, the simple rules their friends.', '8711', 0, '2019-03-23 01:37:03'),
(779, 63, 'Dormouse was sitting on a.', 'March Hare said in a tone of great surprise. \'Of course it was,\' said the Queen, \'and he shall tell you just now what the moral of that is--\"The more there is of finding morals in things!\' Alice.', '7949', 2, '2018-11-26 08:40:37'),
(780, 65, 'I never was so much at this.', 'I think?\' he said to herself. \'Of the mushroom,\' said the youth, \'one would hardly suppose That your eye was as steady as ever; Yet you finished the goose, with the Duchess, the Duchess! Oh! won\'t.', '2841', 1, '2019-01-14 13:15:15'),
(781, 65, 'I\'ll eat it,\' said the.', 'Lory, with a growl, And concluded the banquet--] \'What IS the fun?\' said Alice. \'Well, I never was so small as this is May it won\'t be raving mad--at least not so mad as it went, \'One side will make.', '4606', 1, '2018-04-09 17:51:12'),
(782, 62, 'However, this bottle does. I.', 'I\'m afraid, but you might knock, and I don\'t want YOU with us!\"\' \'They were learning to draw, you know--\' \'But, it goes on \"THEY ALL RETURNED FROM HIM TO YOU,\"\' said Alice. \'Well, I should think you.', '3596', 0, '2018-09-13 17:48:17'),
(783, 64, 'Alice, \'we learned French.', 'King, looking round the thistle again; then the Mock Turtle to the beginning of the leaves: \'I should have croqueted the Queen\'s hedgehog just now, only it ran away when it had fallen into it: there.', '4057', 1, '2018-07-05 04:22:46'),
(784, 62, 'King say in a hurry: a large.', 'I\'m doubtful about the twentieth time that day. \'A likely story indeed!\' said the Caterpillar. This was not an encouraging opening for a rabbit! I suppose it doesn\'t mind.\' The table was a dead.', '4293', 1, '2018-06-11 11:45:09'),
(785, 64, 'Hatter. \'It isn\'t mine,\'.', 'Queen. \'Never!\' said the Lory positively refused to tell them something more. \'You promised to tell its age, there was no one listening, this time, and was a child,\' said the Dodo, pointing to Alice.', '2502', 0, '2018-06-09 12:13:01'),
(786, 64, 'In another moment it was.', 'NOT, being made entirely of cardboard.) \'All right, so far,\' said the March Hare went on. \'Or would you tell me, Pat, what\'s that in about half no time! Take your choice!\' The Duchess took no notice.', '9863', 1, '2019-01-07 23:40:06'),
(787, 63, 'I\'m a deal too far off to.', 'Queen will hear you! You see, she came upon a time there were no tears. \'If you\'re going to begin with.\' \'A barrowful will do, to begin with.\' \'A barrowful will do, to begin lessons: you\'d only have.', '7203', 1, '2019-03-07 14:14:14'),
(788, 62, 'Hatter, and, just as I\'d.', 'Gryphon, sighing in his sleep, \'that \"I like what I should think!\' (Dinah was the same thing as \"I sleep when I got up this morning, but I THINK I can listen all day about it!\' Last came a little.', '8815', 2, '2019-01-05 17:11:53'),
(789, 62, 'But she went back to finish.', 'I think you\'d take a fancy to cats if you please! \"William the Conqueror, whose cause was favoured by the soldiers, who of course you know why it\'s called a whiting?\' \'I never went to the Mock.', '3783', 1, '2018-06-19 22:53:32'),
(790, 64, 'However, she did not like to.', 'It\'s by far the most confusing thing I ever was at in all directions, \'just like a thunderstorm. \'A fine day, your Majesty!\' the soldiers did. After these came the guests, mostly Kings and Queens.', '7028', 0, '2018-07-10 07:03:16'),
(791, 65, 'Between yourself and me.\'.', 'Alice, thinking it was perfectly round, she came up to them she heard was a sound of many footsteps, and Alice was rather glad there WAS no one could possibly hear you.\' And certainly there was.', '6161', 0, '2018-03-27 12:18:00'),
(792, 64, 'Cat, and vanished. Alice was.', 'I should like to have it explained,\' said the Caterpillar, and the Queen said to herself. \'Shy, they seem to dry me at home! Why, I haven\'t had a bone in his turn; and both creatures hid their faces.', '6484', 2, '2019-02-04 14:40:07'),
(793, 64, 'Alice guessed who it was.', 'LITTLE larger, sir, if you drink much from a Caterpillar The Caterpillar and Alice was just saying to herself, \'Which way? Which way?\', holding her hand in hand, in couples: they were IN the well,\'.', '4511', 2, '2018-08-29 19:47:52'),
(794, 62, 'Alice replied eagerly, for.', 'Time as well as she spoke. (The unfortunate little Bill had left off staring at the other side of the jury wrote it down \'important,\' and some were birds,) \'I suppose so,\' said the young man said.', '667', 1, '2018-12-23 07:56:32'),
(795, 64, 'But said I didn\'t!\'.', 'Alice in a sort of way, \'Do cats eat bats?\' and sometimes, \'Do bats eat cats?\' for, you see, Miss, this here ought to have no notion how delightful it will be When they take us up and throw us, with.', '6135', 2, '2018-08-22 11:02:06'),
(796, 63, 'Mind now!\' The poor little.', 'Hatter grumbled: \'you shouldn\'t have put it more clearly,\' Alice replied in an encouraging opening for a great hurry. \'You did!\' said the King. (The jury all wrote down all three to settle the.', '9556', 2, '2018-09-01 16:46:10'),
(797, 63, 'ME,\' but nevertheless she.', 'GAVE HER ONE, THEY GAVE HIM TWO--\" why, that must be removed,\' said the Dormouse; \'VERY ill.\' Alice tried to get out again. Suddenly she came upon a little pattering of feet in a moment. \'Let\'s go.', '6664', 0, '2018-10-10 03:15:06'),
(798, 65, 'NO mistake about it: it was.', 'SHE, of course,\' the Mock Turtle replied, counting off the top with its wings. \'Serpent!\' screamed the Pigeon. \'I can hardly breathe.\' \'I can\'t remember things as I used--and I don\'t want to get in.', '1798', 0, '2018-07-19 04:51:27'),
(799, 62, 'Lory hastily. \'I don\'t quite.', 'I fancied that kind of rule, \'and vinegar that makes you forget to talk. I can\'t take LESS,\' said the King. On this the White Rabbit, who was passing at the stick, running a very hopeful tone.', '9959', 1, '2018-08-04 01:18:10'),
(800, 64, 'Alice ventured to say. \'What.', 'Very soon the Rabbit began. Alice thought to herself. \'Of the mushroom,\' said the Hatter. \'Does YOUR watch tell you how it was sneezing and howling alternately without a porpoise.\' \'Wouldn\'t it.', '2515', 2, '2018-09-04 19:37:14'),
(801, 63, 'Alice heard it say to this.', 'I\'ll tell you what year it is?\' \'Of course you know I\'m mad?\' said Alice. \'And where HAVE my shoulders got to? And oh, my poor hands, how is it I can\'t show it you myself,\' the Mock Turtle. \'Very.', '4248', 0, '2018-06-11 01:33:48');

-- --------------------------------------------------------

--
-- Structure de la table `user`
--

CREATE TABLE `user` (
  `id` int(11) NOT NULL,
  `username` varchar(255) COLLATE utf8mb4_unicode_ci NOT NULL,
  `email` varchar(254) COLLATE utf8mb4_unicode_ci NOT NULL,
  `tel` varchar(15) COLLATE utf8mb4_unicode_ci NOT NULL,
  `password` varchar(255) COLLATE utf8mb4_unicode_ci NOT NULL,
  `type` smallint(6) NOT NULL,
  `note` smallint(6) DEFAULT '0',
  `roles` tinytext COLLATE utf8mb4_unicode_ci NOT NULL COMMENT '(DC2Type:simple_array)',
  `pays` varchar(15) COLLATE utf8mb4_unicode_ci NOT NULL DEFAULT 'TUNISIE',
  `image_id` int(11) DEFAULT NULL
) ENGINE=InnoDB DEFAULT CHARSET=utf8mb4 COLLATE=utf8mb4_unicode_ci;

--
-- Déchargement des données de la table `user`
--

INSERT INTO `user` (`id`, `username`, `email`, `tel`, `password`, `type`, `note`, `roles`, `pays`, `image_id`) VALUES
(62, 'admin', 'admin@blog.com', '22314753', '$2y$13$OjdVc9zsJRaIBOLHYTPFmuwmFbeHC6wWTbraN8kZzqGXLse9D3xoW', 0, 0, 'ROLE_ADMIN', 'TUNISIE', 8),
(63, 'john_doe', 'john@blog.com', '97888745', '$2y$13$TgQ1bOStqVrqcqIhvXtrTuGC0YfuScYWMicAov5/b3FtPU.Spjh1u', 1, 0, 'ROLE_PUBLISHER', 'TUNISIE', NULL),
(64, 'rob_smith', 'rob@blog.com', '97947712', '$2y$13$m9o8fnGRjjOicUKepXlJpOBd5k.jUsAKIMd047Mb.c2JesoRrVqxK', 1, 0, 'ROLE_PUBLISHER', 'TUNISIE', NULL),
(65, 'jenny_rowling', 'jenny@blog.com', '55471644', '$2y$13$Zu7bMPbxddK3Q4fUPsuKdeY7tdkY3FCnk38VsI9qQegScZXgTd11a', 2, 0, 'ROLE_PUBLISHER', 'TUNISIE', NULL),
(66, 'han_solo', 'han@blog.com', '96789447', '$2y$13$QNQHQ1AMmZNAFmSR/H696OJL6XYg5c1I2FYJx8n3mPy2tqVoLvury', 2, 0, 'ROLE_FREELANCER', 'TUNISIE', NULL),
(67, 'inoubli', 'jedi@blog.com', '21223515', '$2y$13$Qa0uHBl1NNP5i8IJRXUscuGuAQMQmfQJSdTmVAaOjYMqb/MEtGbo6', 2, 0, 'ROLE_FREELANCER', 'TUNISIE', NULL),
(68, 'zappala', 'zappala@blog.com', '22222222', '$2y$13$haJv9FkgxTo16pRJ9EMXkeWJWhWtWYwLJlVi8Wy2BUvL3P34WhJHK', 0, NULL, 'ROLE_FREELANCER', 'Tunisie', NULL),
(69, 'zappalaa', 'zappalaa@blog.com', '22222222', '$2y$13$7G.Cl01RdyTJUMJ1AyZnuupXUsCF0.5JzfdH7mKBi9wU0rgE6g.Ky', 0, NULL, 'ROLE_FREELANCER', 'Tunisie', NULL),
(70, 'zappalaa1', 'zappalaa1@blog.com', '22222222', '$2y$13$U37fPI/eMAx9RzP/aUeh/.LfaZJCaIifjyIfqgc5P1f63743t6oJa', 0, NULL, 'ROLE_FREELANCER', 'Tunisie', NULL),
(71, 'zappalaa11', 'zappalaa11@blog.com', '22222222', '$2y$13$Gbtms9Uxo/qzYyZqT070UORuTXQ0ufCp86.QL7mexExcCU6Pv7pDO', 0, NULL, 'ROLE_FREELANCER', 'Tunisie', NULL);

--
-- Index pour les tables déchargées
--

--
-- Index pour la table `media_object`
--
ALTER TABLE `media_object`
  ADD PRIMARY KEY (`id`);

--
-- Index pour la table `migration_versions`
--
ALTER TABLE `migration_versions`
  ADD PRIMARY KEY (`version`);

--
-- Index pour la table `offer`
--
ALTER TABLE `offer`
  ADD PRIMARY KEY (`id`),
  ADD KEY `IDX_29D6873EF675F31B` (`author_id`),
  ADD KEY `IDX_29D6873E166D1F9C` (`project_id`);

--
-- Index pour la table `project`
--
ALTER TABLE `project`
  ADD PRIMARY KEY (`id`),
  ADD KEY `IDX_2FB3D0EEF675F31B` (`author_id`);

--
-- Index pour la table `user`
--
ALTER TABLE `user`
  ADD PRIMARY KEY (`id`),
  ADD KEY `IDX_8D93D6493DA5256D` (`image_id`);

--
-- AUTO_INCREMENT pour les tables déchargées
--

--
-- AUTO_INCREMENT pour la table `media_object`
--
ALTER TABLE `media_object`
  MODIFY `id` int(11) NOT NULL AUTO_INCREMENT, AUTO_INCREMENT=23;
--
-- AUTO_INCREMENT pour la table `offer`
--
ALTER TABLE `offer`
  MODIFY `id` int(11) NOT NULL AUTO_INCREMENT, AUTO_INCREMENT=190;
--
-- AUTO_INCREMENT pour la table `project`
--
ALTER TABLE `project`
  MODIFY `id` int(11) NOT NULL AUTO_INCREMENT, AUTO_INCREMENT=802;
--
-- AUTO_INCREMENT pour la table `user`
--
ALTER TABLE `user`
  MODIFY `id` int(11) NOT NULL AUTO_INCREMENT, AUTO_INCREMENT=72;
--
-- Contraintes pour les tables déchargées
--

--
-- Contraintes pour la table `offer`
--
ALTER TABLE `offer`
  ADD CONSTRAINT `FK_29D6873E166D1F9C` FOREIGN KEY (`project_id`) REFERENCES `project` (`id`),
  ADD CONSTRAINT `FK_29D6873EF675F31B` FOREIGN KEY (`author_id`) REFERENCES `user` (`id`);

--
-- Contraintes pour la table `project`
--
ALTER TABLE `project`
  ADD CONSTRAINT `FK_2FB3D0EEF675F31B` FOREIGN KEY (`author_id`) REFERENCES `user` (`id`);

--
-- Contraintes pour la table `user`
--
ALTER TABLE `user`
  ADD CONSTRAINT `FK_8D93D6493DA5256D` FOREIGN KEY (`image_id`) REFERENCES `media_object` (`id`);
COMMIT;

/*!40101 SET CHARACTER_SET_CLIENT=@OLD_CHARACTER_SET_CLIENT */;
/*!40101 SET CHARACTER_SET_RESULTS=@OLD_CHARACTER_SET_RESULTS */;
/*!40101 SET COLLATION_CONNECTION=@OLD_COLLATION_CONNECTION */;
